id,news_url,title
politifact14984,http://www.nfib-sbet.org/,National Federation of Independent Business
politifact12944,http://www.cq.com/doc/newsmakertranscripts-4942265?3,comments in Fayetteville NC
politifact333,https://web.archive.org/web/20080204072132/http://www.rockymountainnews.com:80/news/2008/feb/02/romney-tells-denver-crowd-he-can-salvage-economy/,"Romney makes pitch, hoping to close deal : Elections : The Rocky Mountain News"
politifact4358,https://web.archive.org/web/20110811143753/http://www.dems.gov/press/democratic-leaders-say-house-democrats-are-united-against-gop-default-act,Democratic Leaders Say House Democrats Are United Against GOP Default Act
politifact779,https://web.archive.org/web/20070820164107/http://www.whitehouse.gov/omb/budget/fy2008/outlook.html,"Budget of the United States Government, FY 2008"
politifact14064,http://www.politifact.com/truth-o-meter/statements/2016/jan/21/donald-trump/donald-trump-exaggerates-when-he-says-china-has-to/,Donald Trump exaggerates when he says China has 'total control' over North Korea
politifact14474,https://www.law.cornell.edu/constitution/amendmentxxv,25th Amendment
politifact5276,http://americaneedsmitt.com/blog/2011/11/10/mit-romney-stage/,子供たちのコト。私のコト。
politifact1313,https://web.archive.org/web/20090913221204/http://www.whitehouse.gov:80/the_press_office/Briefing-by-White-House-Press-Secretary-Robert-Gibbs-9/10/09,"Briefing by White House Press Secretary Robert Gibbs, 9/10/09"
politifact937,https://web.archive.org/web/20080623122709/http://www.sciam.com/article.cfm?id=a-solar-grand-plan,A Solar Grand Plan: Scientific American
politifact8227,http://www.commonwealthfund.org/Publications/Issue-Briefs/2013/Aug/Covering-Young-Adults-Under-the-Affordable-Care-Act.aspx,Covering Young Adults Under the Affordable Care Act: The Importance of Outreach and Medicaid Expansion
politifact1519,http://www.cbsnews.com/blogs/2010/02/23/politics/politicalhotsheet/entry6235624.shtml%27,"Harry Reid Says GOP Should ""Stop Crying"" About Reconciliation"
politifact13068,http://politicaladarchive.org/ad/polad_donaldtrump_k1mkc/,Political TV Ad Archive » PolAd
politifact11747,http://data.bls.gov/timeseries/CES0500000001?output_view=net_1mth,Bureau of Labor Statistics Data
politifact7293,http://www.kff.org/healthreform/upload/8061.pdf,Summary of the Affordable Care Act
politifact1783,http://abcnews.go.com/ThisWeek/week-transcript-holder-giuliani/story?id=10596448&page=4,'This Week' Transcript: Holder and Giuliani
politifact9691,http://www.nbcnews.com/politics/first-read/impeachment-talk-becomes-cynical-game-n168436,Impeachment Talk Becomes a Cynical Game
politifact999,http://www.cdc.gov/flu/protect/habits.htm?s_cid=swineFlu_outbreak_003,Preventing the Flu: Good Health Habits Can Help Stop Germs
politifact13420,https://youtu.be/EiZW41bVF9I,Las Vegas campaign rally
politifact423,https://web.archive.org/web/20080506120114/http://pol.moveon.org:80/mccain10/email.html?,MoveOn.org Political Action: 10 things to know about McCain
politifact9734,https://www.youtube.com/watch?v=AtJWEAj1vZM,Rand Paul Campaigns in Iowa for Miller-Meeks
politifact13087,https://www.stlouisfed.org/~/media/Files/PDFs/publications/pub_assets/pdf/itb/2014/In%20the%20Balance%20June%20issue%208.pdf,Hispanic Populations Share of Wealth Likely to Increase by 2025
politifact13132,http://www.politifact.com/truth-o-meter/statements/2016/mar/15/hillary-clinton/hillary-clinton-says-guns-exceed-next-nine-categor/,Hillary Clinton says guns exceed next nine categories as leading cause of death for young black men
politifact4809,http://www.epi.org/blog/lost-decade-working-age-household-income/,Already a lost decade: Working-age household income down more than 10% since 2000
politifact1084,http://www.senate.gov/pagelayout/reference/nominations/Nominations.htm,U.S. Senate: Supreme Court Nominations: present-1789
politifact13260,https://medium.com/@PolitiFact/politifacts-annotated-transcript-of-the-second-presidential-debate-b54f45edeb99#.8csw9x616,PolitiFact’s annotated transcript of the second presidential debate
politifact1325,,Obamas comments on capandtrade costs
politifact1624,http://www.desmoinesregister.com/article/20100324/OPINION01/3250323/1036,Des Moines Register
politifact1823,https://web.archive.org/web/20100523071827/http://www.nbc.com:80/the-tonight-show/video/thursday-may-20-2010/1229565/,The Tonight Show with Jay Leno
politifact2166,http://abcnews.go.com/ThisWeek/week-transcript-pelosi-gates/story?id=11298444&page=3,'This Week' Transcript: Pelosi and Gates
politifact58,,Losing Ground Foreclosures in the Subprime Market and Their Cost to Homeowners
politifact13303,https://web.archive.org/web/20161007194921/https://www.dni.gov/index.php/newsroom/press-releases/215-press-releases-2016/1423-joint-dhs-odni-election-security-statement,Joint DHS and ODNI Election Security Statement
politifact667,http://www.senate.gov/legislative/LIS/roll_call_lists/roll_call_vote_cfm.cfm?congress=110&session=1&vote=00126,U.S. Senate: U.S. Senate Roll Call Votes 110th Congress
politifact3892,http://www.youtube.com/watch?v=wyoZJUKL3wA&feature=youtu.be,Palin-Huey
politifact6641,http://www.bls.gov/ces/,"Employment, Hours, and Earnings from the Current Employment Statistics survey (National) Home Page"
politifact4088,http://www.nytimes.com/2011/07/11/opinion/11krugman.html?ref=opinion,"No, We Can’t? Or Won’t?"
politifact513,http://www.nytimes.com/2008/06/03/us/politics/03text-obama.html?_r=1&oref=slogin,Barack Obama’s Remarks in St. Paul
politifact14070,https://democrats-oversight.house.gov/sites/democrats.oversight.house.gov/files/documents/DIA%20to%20OGR%20unclassified%20cover%20letter.pdf,letter to Chaffetz and Cummings
politifact806,http://www.politico.com/arena/perm/John_Lewis_C42BBD6A-7821-4081-9870-082C08FF364E.html,The Arena - Politico's daily debate with policymakers and opinion shapers
politifact9196,,The Economic Burden Caused by Tax Code Complexity
politifact1436,https://web.archive.org/web/20091229194623/http://www.bobmcdonnell.com/index.php/press_releases/details/mcdonnell_letter_urges_no_delay_in_virginia_offshore_energy_exploration_and/,McDonnell Letter Urges No Delay in Virginia Offshore Energy Exploration and Development
politifact12945,https://medium.com/hillary-for-america/to-young-people-who-are-undocumented-this-is-your-country-too-e0184e858b40#.2uv6onq62,"To young people who are undocumented: This is your country, too."
politifact14036,https://apnews.com/c810d7de280a47e88848b0ac74690c83,Transcript of AP interview with Trump
politifact537,https://web.archive.org/web/20080618171108/http://www.barackobama.com:80/2008/06/15/remarks_of_senator_barack_obam_78.php,Change We Can Believe In
politifact118,https://web.archive.org/web/20070321075045/http://www.asce.org:80/reportcard/2005/actionplan07.cfm,Infrastructure Report Card 2005
politifact9576,http://blogs.rollcall.com/218/immigration-news-congress-changes-to-trafficking-law/?dcz=,"GOP Task Force, Lone Democrat Eye Trafficking Law"
politifact356,https://web.archive.org/web/20070105024255/http://www.focusonthefamily.com:80/press/focusvoices/A000000025.cfm,Dr. James Dobson
politifact401,http://www.youtube.com/watch?v=cN10_6pyshQ,McCain: McSame as Bush
politifact384,http://www.youtube.com/watch?v=3gwqEneBKUs,john.he.is
politifact12148,https://web.archive.org/web/20160325190204/https://www.hillaryclinton.com/speeches/remarks-counterterrorism-stanford-university/,Remarks on counterterrorism at Stanford University
politifact12411,https://iqmediacorp.com/ClipPlayer/?ClipID=76bcc57c-2250-4061-8cd2-b2996a9541c2,iQ media Clip Player
politifact5778,http://www.whitehouse.gov/the-press-office/2012/04/17/remarks-president-increasing-oversight-manipulation-oil-markets,Remarks by the President on Increasing Oversight on Manipulation in Oil Markets
politifact3341,https://web.archive.org/web/20110223135940/http://www.ryannewman.org:80/discussions_display/id-1025,U.S. Army's Involvement in Motorsports
politifact13013,http://www.unhcr.org/en-us/news/press/2016/9/57c7ed604/un-refugee-agency-welcomes-arrival-10000th-syrian-refugee-resettled-united.html,"UN Refugee Agency welcomes arrival of 10,000th Syrian refugee resettled to United States"
politifact11191,http://video.foxnews.com/v/4406890723001/watch-a-replay-of-fox-news-5-pm-presidential-debate/?#sp=show-clips,Watch a replay of Fox News' 5 p.m. presidential debate
politifact12079,https://medium.com/@RepMikeHonda/it-s-time-for-the-senate-to-do-its-job-68c059358667#.kouhtn5gj,It’s Time for the Senate to Do Its Job – Congressman Mike Honda – Medium
politifact551,https://web.archive.org/web/20080619050133/http://www.democracynow.org:80/2008/6/18/ralph_nader_on_barack_obama_it,"Ralph Nader on Barack Obama: ""It is Quite Clear He is a Corporate Candidate from A to Z"""
politifact11761,http://www.politifact.com/florida/statements/2015/dec/22/marco-rubio/marco-rubio-says-ted-cruz-voted-defense-cuts-rand-/,Marco Rubio says Ted Cruz voted for defense cuts in Rand Paul's budget proposal
politifact51,https://web.archive.org/web/20070103020730/http://www.cdc.gov:80/nchs/products/pubs/pubd/hestats/prelimbirths05/prelimbirths05.htm,Births: Preliminary Data for 2005
politifact10209,http://pollingreport.com/CongJob.htm,Congress: Job Ratings
politifact4887,http://www.boston.com/news/politics/articles/2011/11/17/before_leaving_governors_office_in_2006_mitt_romneys_staff_eliminated_e_mail_records/?page=2,"Before leaving governor’s office in 2006, Mitt Romney’s staff eliminated e-mail records"
politifact11899,https://www.washingtonpost.com/news/the-fix/wp/2016/02/11/transcript-the-democratic-debate-in-milwaukee-annotated/,"Transcript: The Democratic debate in Milwaukee, annotated"
politifact514,https://web.archive.org/web/20080606124724/http://www.tampabay.com:80/news/politics/state/article607793.ece,"Crist has experience to be vice president, McCain says"
politifact385,http://www.nytimes.com/2008/03/03/us/politics/03campaign.html?ref=politics,Strong Words in Ohio as Obama and Clinton Press On
politifact2298,https://web.archive.org/web/20050322064340/http://www6.lexisnexis.com:80/publisher/EndUser?Action=UserDisplayFullDocument,LexisNexis(R) Publisher
politifact1216,https://web.archive.org/web/20091003005639/http://barackobamaexperiment.com:80/posts/1575,“Dictionary” on President Obama’s Health Care Taxes
politifact11989,http://abcnews.go.com/Politics/memory-lapse-trump-seeks-distance-advisor-past-ties/story?id=34600826,Memory Lapse? Trump Seeks Distance From 'Advisor' With Past Ties to Mafia
politifact1307,http://www.bea.gov/national/xls/gdpchg.xls,Gross Domestic Product Percent change from preceding period
politifact13833,http://www.taxpolicycenter.org/sites/default/files/publication/138781/2001170-who-benefits-from-president-trumps-child-care-proposals.pdf,Who Benefits from President Trump’s Child Care Proposals
politifact636,http://my.barackobama.com/page/community/post/samgrahamfelsen/gG59gP,Organizing for Action
politifact442,https://web.archive.org/web/20070513055402/http://www.opensecrets.org/pres08/select.asp?Ind=E01,2008 Presidential Election
politifact1135,https://web.archive.org/web/20090816153543/http://www.whitehouse.gov:80/blog/The-Return-of-the-Viral-Email,The Return of the Viral Email
politifact3693,http://abcnews.go.com/ThisWeek/week-transcript-rep-paul-ryan/story?id=13502946&singlePage=true,'This Week' Transcript: Rep. Paul Ryan
politifact10408,http://www.eia.gov/cfapps/ipdbproject/IEDIndex3.cfm?tid=50&pid=53&aid=1,International Energy Statistics
politifact542,,Interview with Sen John McCain
politifact620,http://www.youtube.com/watch?v=xcfkmklTgDs,Obama campaign radio ad
politifact979,http://www.globalsecurity.org/military/library/news/2009/03/mil-090327-whitehouse01.htm,Remarks by the President on a New Strategy for Afghanistan and Pakistan
politifact13310,https://www.washingtonpost.com/local/they-say-they-arrived-in-the-us-illegally-now-theyre-working-on-trumps-dc-hotel/2015/07/06/9a785116-20ec-11e5-84d5-eb37ee8eaa61_story.html,"At Trump hotel site, immigrant workers wary"
politifact1281,http://www.cbo.gov/ftpdocs/106xx/doc10642/10-7-Baucus_letter.pdf,"Preliminary Analysis of the Chairman’s Mark for the America’s Healthy Future Act, as Amended"
politifact129,https://web.archive.org/web/20071020022110/http://action.getourtroopsout.com:80/page/content/candidatesonnoresidualtroops/,Candidate Comparison
politifact11960,https://politicaladarchive.org/ad/PolAd_HillaryClinton_lul1s/,Political TV Ad Archive » PolAd
politifact12057,http://www.nbcnews.com/video/ted-cruz-full-meet-the-press-interview-643057731924,Ted Cruz' Full 'Meet the Press' Interview
politifact746,http://www.youtube.com/watch?v=iT-lxXsrgaE,"""New Energy"" Ad"
politifact212,http://www.mass.gov/legis/laws/seslaw04/sl040149.htm,Session Law
politifact683,http://www.cbsnews.com/htdocs/pdf/FTN_083108.pdf,Interview with Rudy Giuliani
politifact1755,http://abcnews.go.com/print?id=10532649,"'This Week' Transcript: McKay, Napolitano, Salazar and Allen"
politifact245,http://query.nytimes.com/gst/fullpage.html?res=9D00E7DE1E39F930A25754C0A960958260,Missing Teen-Ager Found in New Jersey
politifact14940,https://www.politico.com/story/2018/01/17/full-text-jeff-flake-on-trump-speech-transcript-343246,Full text: Jeff Flake on Trump speech transcript
politifact2093,http://abcnews.go.com/ThisWeek/week-transcript-biden/story?id=11191222&page=4,'This Week' Transcript: Biden
politifact20,https://web.archive.org/web/20070602151138/http://www.foreignaffairs.org:80/20070701faessay86402/mitt-romney/rising-to-a-new-generation-of-global-challenges.html?,Rising to a New Generation of Global Challenges
politifact1177,http://frwebgate.access.gpo.gov/cgi-bin/getdoc.cgi?dbname=111_cong_bills&docid=f:h3200ih.txt.pdf,Browse Congressional Bills
politifact2959,,Taxable Estates Estate Tax Liability and Average Estate Tax Rate By Size of Gross Estate
politifact224,,Biden Issues Statement Following Conversation with Musharraf
politifact4875,http://www.whitehouse.gov/the-press-office/2011/11/30/remarks-president-american-jobs-act-0,Remarks by the President on the American Jobs Act
politifact13058,http://www.cq.com/doc/newsmakertranscripts-4953962?9,remarks in Philadelphia
politifact4275,http://politifact.com/truth-o-meter/statements/2010/feb/04/paul-krugman/krugman-calls-senate-health-care-bill-similar-law-/,Krugman calls Senate health care bill similar to law in Massachusetts
politifact182,http://www.gao.gov/new.items/d071195.pdf,US Government Accountability Office Report to Congressional Committees
politifact13193,http://minnesota.cbslocal.com/2016/07/09/philando-stops/,Philando Castile Had Been Stopped 52 Times By Police
politifact763,http://www.ilga.gov/senate/transcripts/strans92/ST033001.pdf,Regular Session Senate Transcript
politifact106,,No More Dragging Up the Rear Arkansas Bows To Pressures To Put Schools To the Test
politifact7563,https://web.archive.org/web/20050226122120/http://judiciary.house.gov/legacy/lapierre.htm,05/27/99 Committee on the Judiciary
politifact6612,http://www.brighthorizons.com/about/aboutbh.aspx,About Bright Horizons Child Care & Family Solutions
politifact8310,http://www.armytimes.com/article/20130923/NEWS05/309230018/No-mid-Oct-paycheck-troops-government-shuts-down-lawmaker-says?odyssey=tab%7Ctopnews%7Ctext%7CNews,No MidOct Paycheck for Troops if Government Shuts Down Lawmaker says
politifact11580,http://abcnews.go.com/Politics/full-interview-transcript-president-barack-obama/story?id=35203825,Full Interview Transcript: President Barack Obama
politifact3113,http://www.bea.gov/newsreleases/national/gdp/2010/pdf/gdp3q10_2nd.pdf,National Income and Product Accounts Table 175 Relation of Gross Domestic Product
politifact3050,http://www.facebook.com/notes/sarah-palin/americas-enduring-strength/487510653434,America's Enduring Strength
politifact998,https://web.archive.org/web/20090425195727/http://republicanleader.house.gov:80/News/DocumentSingle.aspx?DocumentID=123296,Debt Day: A Symbol of Washington’s Arrogant Culture of Borrowing and Spending (Boehner Op-Ed on Townhall.com)
politifact1488,http://abcnews.go.com/print?id=9818034,'This Week' Transcript: Former Vice President Dick Cheney
politifact1143,"http://www.foxnews.com/story/0,2933,539893,00.html",Transcript: Blue-Ribbon Panel on Health Care
politifact8118,http://www.cq.com/doc/newsmakertranscripts-4329176,Republican response to President Barack Obamas Weekly radio address
politifact1213,http://www.colbertnation.com/the-colbert-report-videos/250350/september-23-2009/capitalism-s-enemy---michael-moore,The Colbert Report
politifact65,http://www.senate.gov/legislative/LIS/roll_call_lists/roll_call_vote_cfm.cfm?congress=105&session=1&vote=00055,U.S. Senate: U.S. Senate Roll Call Votes 105th Congress
politifact2943,http://elsa.berkeley.edu/~saez/saez-UStopincomes-2007.pdf,Striking it Richer The Evolution of Top Incomes in the United States update with 2007 estimates
politifact1741,http://www.msnbc.msn.com/id/21134540/vp/36687523#36687523,"Outlook, Office, Skype, Bing, Breaking News, and Latest Videos"
politifact11855,http://www.popularmechanics.com/space/satellites/a1782/4218443/,China's Space Threat: How Missiles Could Target U.S. Satellites
politifact8737,http://www.bls.gov/news.release/jolts.htm,Job Openings and Labor Turnover Survey News Release
politifact1731,http://abcnews.go.com/ThisWeek/week-transcript-goolsbee-brown-corker/story?id=10469580&page=2,"'This Week' Transcript: Goolsbee, Brown & Corker"
politifact756,,Analysis of the 2008 Presidential Candidates’ Tax Plans
politifact489,http://www.reuters.com/article/topNews/idUSN0961758520080110,"U.S. considers 3,000 more troops for Afghanistan"
politifact11709,https://www.washingtonpost.com/news/the-fix/wp/2015/12/19/3rd-democratic-debate-transcript-annotated-who-said-what-and-what-it-meant/?hpid=hp_hp-top-table-main_debateweb-745pm%3Ahomepage%2Fstory,"3rd Democratic debate transcript, annotated: Who said what and what it meant"
politifact9512,https://www.youtube.com/watch?v=67ubjGrTipk&feature=youtu.be,"Joni Ernst ""Promises"" Ad"
politifact156,,Testimony on the Alternative Minimum Tax
politifact497,http://www.youtube.com/watch?v=ljVB-tim2Rw,Obama Criticizes McCain on Lobbyists
politifact6730,http://www.motherjones.com/politics/2012/09/secret-video-romney-private-fundraiser,SECRET VIDEO: Romney Tells Millionaire Donors What He REALLY Thinks of Obama Voters
politifact2019,http://www.facebook.com/notes/sarah-palin/peace-through-strength-and-american-pride-vs-enemy-centric-policy/403777543434,Peace Through Strength and American Pride vs. “Enemy-Centric” Policy
politifact7888,http://abcnews.go.com/Politics/week-transcript-sen-dianne-feinstein-rep-mike-rogers/story?id=19343314#.Ubjcd5z3Nu4,'This Week' Transcript: Sen. Dianne Feinstein and Rep. Mike Rogers
politifact12924,https://medium.com/@GovGaryJohnson/theres-another-choice-5d1f14b742d5#.gsyzpehxp,There’s another choice – Gov. Gary Johnson – Medium
politifact8130,http://teddeutch.house.gov/news/documentsingle.aspx?DocumentID=344947,Florida Democrats Ask HHS to Protect Floridians from High Insurance Premiums in Marketplace
politifact215,,Giuliani in New Hampshire
politifact5608,http://www.ohioart.com/etch/,Sale of the Etch A Sketch Brand
politifact783,http://edition.cnn.com/2008/POLITICS/10/07/presidential.debate.transcript/,"Transcript of second McCain, Obama debate"
politifact258,https://web.archive.org/web/20080108202709/https://www.mittromney.com/News/Press-Releases/Ad_Remember,"Romney For President Launches New Television Ad, ""Remember"""
politifact412,https://web.archive.org/web/20060418144436/http://www.gravel2008.us:80/,Mike Gravel 2008
politifact586,,letter filed on behalf of Sen Barack Obama and the Obama Exploratory Committee
politifact1212,http://www.youtube.com/watch?v=5zrsl8o4ZPo&feature=player_embedded,School kids taught to praise Obama
politifact8045,http://www.cq.com/doc/newsmakertranscripts-4315109,Reps Cummings and Cole Interviewed on MSNBC
politifact1820,http://www.starbulletin.com/news/bulletin/94673904.html,Local News Headlines Hawaii
politifact2624,http://www.youtube.com/watch?v=9SAwzrvGjIk&feature=player_profilepage,Michael Bennet for US Senate
politifact7506,http://www.paul.senate.gov/?p=press_release&id=727,U.S. Senator Rand Paul of Kentucky
politifact568,http://thomas.loc.gov/cgi-bin/bdquery/z?d109:HR06060:,H.R.6060 - 109th Congress (2005-2006): Department of State Authorities Act of 2006
politifact1545,,spreadsheet with key indicators from OECD Health Data 2009 health care expenditures per capita
politifact247,http://transcripts.cnn.com/TRANSCRIPTS/0706/05/se.01.html,Transcripts
politifact73,http://www.nap.edu/catalog.php?record_id=10367#toc,"Care Without Coverage: Too Little, Too Late"
politifact926,,Rep Mike Pence Web site
politifact7968,http://www.gpo.gov/fdsys/pkg/BILLS-113s744es/pdf/BILLS-113s744es.pdf,the Border Security Economic Opportunity and Immigration Modernization Act as passed by the Senate
politifact5469,http://www.youtube.com/watch?v=TuYCknrJZ7A,White and Blue Fund ad
politifact548,https://web.archive.org/web/20081006131457/http://www.politifact.com:80/truth-o-meter/mccainpledge/,Pledge of Allegiance E-mail
politifact780,http://www.politifact.com/truth-o-meter/statements/528/,McCain spoke up early
politifact6603,http://www.politifact.com/truth-o-meter/statements/2012/jul/12/secure-america-now/ad-says-obama-apologized-showed-weakness-iran/,"Ad says Obama apologized, showed weakness on Iran"
politifact11189,http://www.c-span.org/video/?c4546787/hillary-clinton-remarks-national-urban-league-conference,Hillary Clinton Remarks at National Urban League Conference
politifact6408,http://www.youtube.com/watch?v=V1YFdGQqJdE&feature=player_embedded,Friend of Israel also woos Palestinians Visiting Obama focuses on Israels right to defend itself
politifact7618,http://edition.cnn.com/TRANSCRIPTS/1304/02/cg.01.html,Transcripts
politifact312,https://web.archive.org/web/20071016102723/http://eia.doe.gov:80/emeu/cabs/Saudi_Arabia/Oil.html,"Saudi Arabia Energy Data, Statistics and Analysis"
politifact8846,http://www.greentechmedia.com/research/ussmi,U.S. Solar Market Insight Report
politifact357,https://web.archive.org/web/20071016232328/http://frontpagemagazine.com:80/Articles/Read.aspx?GUID=5541E159-6AD5-4CC9-B24D-38374624608C,FrontPage Magazine
politifact10332,http://sotu.blogs.cnn.com/2014/12/21/obama-gitmo-inspires-jihadists/,Obama: Gitmo inspires jihadists
politifact1279,http://www.foxnews.com/politics/2009/10/21/raw-data-dick-cheneys-remarks-center-security-policy/,RAW DATA: Dick Cheney's Remarks to the Center for Security Policy
politifact11294,http://beta.criticalmention.com/app/#clip/view?16261823/token/01fcf225-63fd-4230-87ff-f018e928e80f,Critical Mention
politifact3131,,Monthly Treasury Statement of Receipts and Outlays of the United States Government
politifact948,http://www.votesmart.org/speech_detail.php?sc_id=388220&keyword=earmarks&phrase=&contain=,Remarks of Senator Barack Obama An Agenda for MiddleClass Success
politifact1027,http://www.forbes.com/2006/04/15/prison-supermax-ross_cx_jr_06slate_0418super.html,Is The End In Sight For Supermax?
politifact1454,http://www.msnbc.msn.com/id/35159331/ns/meet_the_press/page/2/,"Outlook, Office, Skype, Bing, Breaking News, and Latest Videos"
politifact13431,http://time.com/4557271/tim-kaine-speech-spanish-arizona/,Tim Kaine's Speech in Spanish at an Arizona Rally: Read Now
politifact12627,http://www.bloomberg.com/politics/articles/2016-05-09/trump-s-tough-talk-on-hedge-fund-taxes-doesn-t-match-his-plan,Trump's Tough Talk on Hedge-Fund Taxes Doesn't Match His Plan
politifact13130,http://crime.chicagotribune.com/chicago/shootings/,Crime in Chicago: Explore your community
politifact567,https://web.archive.org/web/20080709210822/http://johnmccain.com/Informing/News/PressReleases/26d74083-c92b-44e9-9600-4e3c30b9a3fb.htm,John McCain for President
politifact3117,http://www.desmoinesregister.com/article/20100324/OPINION01/3250323/1036,Des Moines Register
politifact86,,New York Election Results November 7
politifact11770,https://berniesanders.com/press-release/sanders-supports-gun-safety-bill/,Sanders Supports Gun Safety Bill
politifact2028,http://www.youtube.com/watch?v=D74omWYgv00,"""On and On"""
politifact15453,https://www.sasse.senate.gov/public/index.cfm/press-releases?ID=BB3AAE5D-F593-4228-9008-C6BCC8D3FC2B,Sasse Statement on Trade War
politifact4586,http://www.cbo.gov/ftpdocs/124xx/doc12461/2011_10_07_MBR.pdf,Monthly Budget Review
politifact3281,http://abcnews.go.com/ThisWeek/week-transcript-hillary-clinton/story?id=12959396&page=2,'This Week' Transcript: Hillary Clinton
politifact5410,http://www.cdc.gov/nchs/data/nvsr/nvsr60/nvsr60_01.pdf,Centers for Disease Control and Prevention
politifact6657,http://www.bls.gov/ces/,"Employment, Hours, and Earnings from the Current Employment Statistics survey (National) Home Page"
politifact7259,https://web.archive.org/web/20130116024005/http://www.pbs.org/newshour/bb/social_issues/jan-june13/keene_01-15.html,"NRA President David Keene Rejects White House Gun Control Approach | PBS NewsHour | Jan. 15, 2013"
politifact3632,http://www.nytimes.com/2011/04/18/opinion/18krugman.html?_r=3&src=ISMR_HP_LO_MST_FB,Let’s Not Be Civil
politifact414,,Average cable TV bill cited in article on industry study
politifact239,http://www.ed.gov/about/overview/budget/history/index.html,U.S. Department of Education Budget History
politifact954,https://web.archive.org/web/20050322064340/http://www6.lexisnexis.com:80/publisher/EndUser?Action=UserDisplayFullDocument,LexisNexis(R) Publisher
politifact554,"http://www.foxnews.com/story/0,2933,373450,00.html",Transcript: Bob Barr on 'FOX News Sunday'
politifact13136,https://www.washingtonpost.com/news/the-fix/wp/2016/09/26/the-first-trump-clinton-presidential-debate-transcript-annotated/?hpid=hp_rhp-top-table-main_transcript-905pm%3Ahomepage%2Fstory,"The first Trump-Clinton presidential debate transcript, annotated"
politifact3731,,Border Security The Role of the US Border Patrol
politifact7511,http://thehill.com/homenews/house/286795-pelosi-urges-minimum-wage-hike,Pelosi urges minimum-wage hike
politifact12418,http://www.nbcnews.com/meet-the-press/clinton-s-lead-over-trump-shrinks-3-points-new-nbc-n577726,Clinton's Lead Over Trump Shrinks to 3 Points: New NBC News/WSJ Poll
politifact95,http://findarticles.com/p/articles/mi_qn4155/is_20031113/ai_n12522821,FindArticles.com
politifact4028,http://nobelprize.org/nobel_prizes/peace/laureates/,All Nobel Peace Prizes
politifact104,https://web.archive.org/web/20061114035029/http://mccain.senate.gov/press_office/view_article.cfm?id=34,U.S. Senator John McCain
politifact100,http://thomas.loc.gov/cgi-bin/bdquery/z?d103:HR01025:%7CTOM:/bss/d103query.html,H.R.1025 - 103rd Congress (1993-1994): Brady Handgun Violence Prevention Act
politifact10945,http://time.com/3920332/transcript-full-text-hillary-clinton-campaign-launch/,Hillary Clinton Transcript: Read Full Text of Clinton Campaign Launch
politifact486,http://www.youtube.com/watch?v=uViQ0hVV57Q,John Hagee discusses Catholic Church
politifact741,,“Put Palin’s WolfKilling Record on Television”
politifact246,http://transcripts.cnn.com/TRANSCRIPTS/0706/05/se.01.html,Transcripts
politifact1714,http://alexander.senate.gov/public/index.cfm?p=NewsArticles&ContentRecord_id=30000d32-784b-4a53-9cf5-53a1bf005777&ContentType_id=cc3ac18e-c52f-4861-b310-83ea6a7150c1&Group_id=303dc633-2307-45c8-ae71-4ba2ace2189b&MonthDisplay=3&YearDisplay=2010,"The Hill: Op-Ed: Go natural, go nuclear"
politifact2734,http://www.youtube.com/watch?v=tIkNAA2y4I4,Amendment to to declare English as the national language of the Government of the United States
politifact10889,,Declining Business Dynamism in the United States A Look at States and Metros
politifact7872,http://w3.nexis.com/new/results/docview/docview.do?start=1&sort=BOOLEAN&format=GNBFI&risb=21_T17555183634,Nexis®: Sign In
politifact1949,https://twitter.com/VernBuchanan/status/16939986215,Rep. Vern Buchanan on Twitter
politifact462,https://web.archive.org/web/20080212000046/http://transcripts.cnn.com:80/TRANSCRIPTS/0802/05/ltm.03.html,Transcripts
politifact14225,http://video.foxnews.com/v/5467929100001/?#sp=show-clips,Ivanka Trump: Father feels 'vindicated' after Comey hearing
politifact535,http://politicalticker.blogs.cnn.com/2008/05/05/mccain-touts-gang-of-14-immigration-reform/,"McCain touts 'Gang of 14,' immigration reform"
politifact655,https://web.archive.org/web/20081022203056/http://www.plannedparenthoodaction.org/campaigns/john-mccain-his-own-words-135.htm,Planned Parenthood® Action Center
politifact809,https://web.archive.org/web/20081016082039/http://debates.org/pages/trans2008d.html,CPD: 2008 Debate Transcript
politifact1052,https://web.archive.org/web/20090612021235/http://www.talkingpointsmemo.com:80/photofeatures/2009/06/more-czars-than-the-romanovs.php?img=1,More Czars Than the Romanovs
politifact1435,https://web.archive.org/web/20081029143250/http://www.taxpolicycenter.org/numbers/displayatab.cfm?Docid=2007,"Impact of Senator Obama's Tax Proposals as Described by Economic Advisors on Workers, Distribution of Federal Tax Change by Cash Income Percentile, 2009"
politifact787,http://www.politifact.com/truth-o-meter/statements/210/,"He says universal, but it's no guarantee"
politifact2964,https://web.archive.org/web/20101217214909/http://www2.tbo.com:80/content/2010/dec/13/131756/news-channel-8-anchor-keith-cate-interviews-obam1/news-politics/,Obama addresses key concerns for Floridians
politifact1199,,Chairmans Mark Americas Healthy Future Act of 2009
politifact9622,http://www.whitehouse.gov/the-press-office/2012/06/23/op-ed-president-obama-president-obama-reflects-impact-title-ix,Op-ed by President Obama: President Obama Reflects on the Impact of Title IX
politifact2881,http://abcnews.go.com/ThisWeek/week-transcript-adm-mike-mullen/story?id=12204355&page=2,'This Week' Transcript: Adm. Mike Mullen
politifact599,https://web.archive.org/web/20071101044550/http://obama.senate.gov/press/071018-obama_demands_i/,Obama Demands Investigation into Subprime Loan Discrimination
politifact681,https://web.archive.org/web/20050322064340/http://www6.lexisnexis.com:80/publisher/EndUser?Action=UserDisplayFullDocument,LexisNexis(R) Publisher
politifact4130,http://www.msnbc.msn.com/id/43779830/ns/meet_the_press-transcripts/,"Outlook, Office, Skype, Bing, Breaking News, and Latest Videos"
politifact11066,http://blogs.wsj.com/washwire/2015/07/13/hillary-clinton-transcript-building-the-growth-and-fairness-economy/,Hillary Clinton Transcript: Building the ‘Growth and Fairness Economy’
politifact1161,http://www.washingtonpost.com/wp-dyn/content/article/2009/08/28/AR2009082803158.html,Topic A: How Can President Obama Regain His Political Footing?
politifact285,"http://www.time.com/time/magazine/article/0,9171,810925,00.html",AUTOS: The Dinosaur Hunter
politifact9033,http://www.youtube.com/watch?v=Vp6x3mEU4ok&list=UUOKW-o3oYdFmrMNcTLVuaoA,3/8/14 Sen. Rob Portman (R-OH) delivers Weekly GOP Address on American jobs
politifact959,http://www.msnbc.msn.com/id/29705720/,"Outlook, Office, Skype, Bing, Breaking News, and Latest Videos"
politifact8989,http://www.themoscowtimes.com/opinion/article/forget-kiev-the-real-fight-will-be-for-crimea/495145.html,Forget Kiev. The Real Fight Will Be for Crimea
politifact445,https://web.archive.org/web/20070513055236/http://www.opensecrets.org/pres08/select.asp?Ind=K02,2008 Presidential Election
politifact211,http://www.cq.com/graphics/moneyline/pfd/p07pfd/00000/00000014.pdf,Public financial disclosure report
politifact516,https://web.archive.org/web/20080610072007/http://www.newschannel5.com:80/Global/story.asp?S=8414824,McCain Campaigns In Nashville
politifact1315,http://www.cnn.com/2009/US/10/30/guantanamo.h1n1.shots/index.html,H1N1 vaccinations to be offered to Guantanamo Bay detainees
politifact11115,http://www.nytimes.com/2015/07/24/us/politics/inquiry-is-sought-in-hillary-clinton-email-account.html,Inquiry Sought in Hillary Clinton’s Use of Email
politifact8085,http://www.realclearpolitics.com/video/2013/07/27/cnns_don_lemon_bill_oreillys_criticism_of_black_community_doesnt_go_far_enough.html,"CNN's Don Lemon: Bill O'Reilly's Criticism Of Black Community ""Doesn't Go Far Enough"""
politifact4181,https://web.archive.org/web/20090513070231/http://www.whitehouse.gov/omb/budget/Historicals/,FY 2010 President's Budget
politifact3192,http://www.youtube.com/watch?v=hWi7JI55G-c&feature=player_embedded,"""Give Me a Break"" Americans Against Food Taxes TV Ad 2011"
politifact7923,https://twitter.com/BarackObama/status/347057653089988608,Barack Obama on Twitter
politifact69,http://thomas.loc.gov/cgi-bin/query/z?c106:H.R.2122:,Text - H.R.2122 - 106th Congress (1999-2000): Mandatory Gun Show Background Check Act
politifact923,,Noted and Quoted
politifact374,https://web.archive.org/web/20080226201453/http://ap.google.com:80/article/ALeqM5isOFwdbq0tsqatW6vJpkDRTI1gMgD8V0T1JO0,The Associated Press: Obama Hits Clinton on NAFTA Support
politifact11577,http://www.cbsnews.com/news/democratic-debate-bernie-sanders-really-isnt-as-socialist-as-president-eisenhower/,"Democratic debate: Bernie Sanders really isn't as ""socialist"" as President Eisenhower"
politifact2816,http://abcnews.go.com/ThisWeek/week-transcript-madeleine-albright-sen-lindsey-graham-sen/story?id=12143913&page=4,"'This Week' Transcript: Madeleine Albright, Sen. Lindsey Graham, Sen. Kent Conrad and David Cote"
politifact1255,https://web.archive.org/web/20091016143946/http://www.msnbc.msn.com:80/id/33253216/ns/meet_the_press/page/3/,"Oct. 11: Levin, Graham, McCaffrey, Myers, roundtable"
politifact3179,,US Foreign Economic and Military Aid by Major Recipient Country The New York Times
politifact4451,,2011 Text of President Barack Obama’s proposed jobs bill Email interview with Lynne Bernabei
politifact6831,http://www.cbo.gov/sites/default/files/cbofiles/attachments/08-22-2012-Update_to_Outlook.pdf,Republican consultant says Barack Obama promised to halve federal deficit in his first term
politifact4080,,2011 Urban InstituteBrookings Institution Tax Policy Center
politifact4850,http://www.youtube.com/watch?v=CUOM9QvhG5I,"DNC TV AD: ""Trapped"""
politifact7595,http://www.foxnews.com/on-air/fox-news-sunday-chris-wallace/2013/03/31/mark-kelly-whether-call-action-gun-control-fading-cardinal-donald-wuerl-new-pope,Fox News Sunday
politifact4069,http://www.whitehouse.gov/the-press-office/2011/07/06/remarks-president-twitter-town-hall,Remarks by the President in Twitter Town Hall
politifact966,,Press release AIG Discloses Counterparties to CDS GIA and Securities Lending Transactions
politifact4634,,2011 via CQ subscribers only Tax Foundation
politifact512,http://www.nytimes.com/2008/06/03/us/politics/03text-obama.html?_r=1&oref=slogin,Barack Obama’s Remarks in St. Paul
politifact339,https://web.archive.org/web/20080213201909/http://facts.hillaryhub.com/archive/?id=4497,The Fact Hub
politifact57,http://www.kff.org/minorityhealth/upload/6069-02.pdf,"Key Facts: Race, Ethnicity and Medical Care"
politifact642,http://www.nytimes.com/2008/08/23/us/politics/23text-biden.html,"Senator Biden’s Remarks in Springfield, Ill."
politifact1251,https://web.archive.org/web/20090924105940/http://www.rollcall.com:80/features/Health-Care_Policy-Briefing/health_care/38655-1.html,Rockefeller: An Opportunity We Cant Pass Up
politifact10731,http://triblive.com/politics/politicalheadlines/8147758-74/bush-terrorism-florida#axzz3XO3B7Cm9,"Call 'Islamic terrorism' what it is: a threat to West, Jeb Bush says"
politifact6652,,Obama administration opens the door for states to seek major changes in welfaretowork law
politifact2435,http://www.whitehouse.gov/the-press-office/2010/09/20/remarks-president-cnbc-town-hall-discussion-jobs,Remarks by the President at CNBC Town Hall Discussion on Jobs
politifact12770,https://webcache.googleusercontent.com/search?q=cache:iAHFXMsO0xwJ:https://www.whitehousehistory.org/questions/did-slaves-build-the-white-house+&cd=1&hl=en&ct=clnk&gl=us&client=safari,Q&A: Did slaves build the White House?
politifact1256,https://web.archive.org/web/20091014151848/http://www.pbs.org:80/newshour/bb/health/july-dec09/insurance_10-12.html,"Health Reform Carries Heavy Price, Insurers Claim"
politifact951,http://www.nytimes.com/2009/03/05/us/politics/05obama-text.html,Obama’s Remarks at the White House Health Care Forum
politifact6472,http://www.whitehouse.gov/the-press-office/2012/08/09/remarks-president-campaign-event-colorado-springs-co,"Remarks by the President at Campaign Event -- Colorado Springs, CO"
politifact1201,http://www.msnbc.msn.com/id/32935603/ns/meet_the_press/page/3/,"Outlook, Office, Skype, Bing, Breaking News, and Latest Videos"
politifact10185,http://www.politico.com/magazine/story/2014/10/if-democrats-lose-the-senate-blame-these-guys-112117.html#.VFZOMfTF97s,"If Democrats Lose, Blame These Guys"
politifact673,http://bioguide.congress.gov/scripts/biodisplay.pl?index=M000303,"McCAIN, John Sidney, III"
politifact5868,http://www.whitehouse.gov/the-press-office/2012/05/05/remarks-president-and-first-lady-campaign-event,REMARKS BY THE PRESIDENT AND FIRST LADY AT A CAMPAIGN EVENT
politifact1500,https://web.archive.org/web/20100215141959/http://republicanleader.house.gov:80/News/DocumentSingle.aspx?DocumentID=170154,"As Dems’ “Stimulus” Anniversary Nears, Americans Ask: “Where are the Jobs?”"
politifact7714,http://www.cq.com/doc/newsmakertranscripts-4264862,Rep Poe Interviewed on Fox Business Network
politifact8769,http://cq.com/doc/newsmakertranscripts-4408218,Senate Democrats news conference on the Senate Climate Action Task Force
politifact1825,http://abcnews.go.com/ThisWeek/week-transcript-kaine-steele/story?id=10721384,'This Week' Transcript: Kaine and Steele
politifact23,http://query.nytimes.com/gst/fullpage.html?res=9402E4D61E3FF93AA25753C1A961958260,RACE FOR CITY HALL: The Republican Candidate; A Mercurial Mayor's Confident Journey
politifact98,http://nymag.com/news/features/34992/,Encounters With 'Regular Guy' Fred Thompson -- New York Magazine
politifact12751,https://www.census.gov/foreign-trade/statistics/historical/goods.pdf,US Trade in Goods
politifact8172,http://www.whitehouse.gov/the-press-office/2013/08/06/remarks-president-responsible-homeownership,Remarks by the President on Responsible Homeownership
politifact179,http://www.washingtonpost.com/ac2/wp-dyn/A58859-2003Jul28,"Washington Post: Breaking News, World, US, DC News & Analysis"
politifact8119,http://www.cq.com/doc/newsmakertranscripts-4328623,interview with Bloomberg television
politifact8621,http://www.acton.org/pub/commentary/2012/02/08/obamacare-vs-catholic-bishops,Obamacare vs. the Catholic bishops
politifact66,http://www.fdic.gov/news/news/financial/2005/fil1405.html,FDIC: FIL-14-2005: Revised Examination Guidance
politifact11931,http://www.supremecourt.gov/about/members_text.aspx,Justices 1789 to Present
politifact975,http://cbo.gov/ftpdocs/100xx/doc10014/03-20-PresidentBudget.pdf,A Preliminary Analysis of the President’s Budget and an Update of CBO’s Budget and Economic Outlook
politifact499,http://thomas.loc.gov/cgi-bin/bdquery/z?d104:s.01591:,"S.1591 - 104th Congress (1995-1996): A bill to prohibit campaign expenditures for services of lobbyists, and for other purposes."
politifact181,https://web.archive.org/web/20011107072419/http://www.teamster.org:80/01news/hn_010731_3.htm,Teamsters Tout ANWR on Capitol Hill
politifact502,https://web.archive.org/web/20070926214934/http://obama.senate.gov/press/070918-senate_passes_o_2/,Senate Passes Obama-Hagel Provision Aimed at Preventing Nuclear Terrorism
politifact958,"http://www.foxnews.com/story/0,2933,183845,00.html",Transcript: House Majority Leader Boehner on 'FNS'
politifact581,https://web.archive.org/web/20080717022107/http://www.johnmccain.com/Informing/News/PressReleases/Read.aspx?Guid=e92e0317-02b3-4345-82f9-9eac8bb0a50d,John McCain for President
politifact1040,https://web.archive.org/web/20090604101517/http://www.whitehouse.gov/the_press_office/Background-Briefing-on-GM-Restructuring-May-31-2009/,"Background Briefing on GM Restructuring, May 31, 2009"
politifact621,,Georgia crisis triggers war of words on White House trail
politifact93,,Social Security Trustees Report 2007
politifact3539,http://stabenow.senate.gov/?p=press_release&id=262,U.S. Senator Debbie Stabenow of Michigan
politifact466,,Hillary Clinton Sits Down With Bill OReilly
politifact8537,http://web.archive.org/web/20060228220724/http:/energycommerce.house.gov/108/News/02152006_1778.htm,The Committee on Energy and Commerce
politifact343,https://web.archive.org/web/20080212013357/http://blog.aflcio.org:80/2008/02/08/writers-may-have-pact-huckabee-crosses-picket-lineagain/,Writers May Have Pact. Huckabee Crosses Picket Line—Again
politifact439,http://abcnews.go.com/International/wireStory?id=4662887,"Latest World News, Videos & Photos -ABC News - ABC News"
politifact463,,Economy Protect Homeownership and Crack Down on Mortgage Fraud
politifact1051,https://web.archive.org/web/20090617192953/http://www.gop.gov/wtas/09/06/10/congressman-pence-discusses-house-republican,Congressman Pence Discusses House Republican Energy Bill on MSNBC's Morning Joe
politifact1361,https://web.archive.org/web/20100330081658/http://switchboard.nrdc.org:80/blogs/bfinamore/chinas_carbon_intensity_target.html,"Switchboard, from NRDC :: Barbara Finamore's Blog :: China’s Carbon Intensity Target"
politifact6907,http://politicalticker.blogs.cnn.com/2012/10/12/transcript-vice-presidential-debate/,Transcript: Vice Presidential Debate
politifact11699,http://www.cq.com/doc/newsmakertranscripts-4807408?0,comments at the CNN Republican presidential debate in Las Vegas
politifact679,http://www.cnn.com/2008/POLITICS/08/29/palin.bio/,"Palin: Pioneer, maverick -- and now game-changer"
politifact1176,http://www.washingtonpost.com/wp-dyn/content/article/2009/09/07/AR2009090702070.html?wprss=rss_opinions,Why the Public Option Isn't the Only Answer to Health-Care Reform
politifact12104,https://medium.com/@RepJoePitts/one-in-four-6665a7ddffd#.owx09xl56,One in Four – Congressman Joe Pitts – Medium
politifact7182,https://web.archive.org/web/20121221015559/http://west.congressnewsletter.net:80/common/mailings/index.cfm?id=190,Congressman Allen West : Final Weekly Wrapup
politifact3320,https://web.archive.org/web/20100405072544/http://demint.senate.gov:80/public/index.cfm?p=JimsBlog,United States Senator Jim DeMint
politifact8470,http://sotu.blogs.cnn.com/2013/10/27/rebooting-you-and-your-doctor-under-obamacare/,Rebooting: You and your doctor under Obamacare
politifact3898,http://www.cuinsight.com/media/news/card_penalty_fees_soften_slightly_in_2010.html,Card Penalty Fees Soften Slightly In 2010
politifact2241,http://frwebgate.access.gpo.gov/cgi-bin/getpage.cgi?position=all&page=E1558&dbname=2010_record,Assistant professor of economics at the Gatton College of Business and Economics at University of Kentucky
politifact15133,https://www.c-span.org/video/?442305-1/president-trump-campaigns-rick-saccone-pennsylvania&start=180,"President Trump Campaigns Rick Saccone Pennsylvania, Mar 10 2018"
politifact600,https://web.archive.org/web/20010609190032/http://www.fuelgaugereport.com:80/index.asp,Daily Fuel Gauge Report Aug 1
politifact1118,http://action.citizen.org/campaign.jsp?campaign_KEY=26880,Public Citizen
politifact12294,http://therightscoop.com/watch-full-ted-cruz-presser-on-new-deal-with-kasich/#ixzz46rOcQFys,WATCH FULL Ted Cruz presser on new deal with Kasich (UPDATE: PART TWO ADDED)
politifact1068,https://web.archive.org/web/20090624230658/http://www.whitehouse.gov/blog/Protecting-Our-Children-from-the-Dangers-of-Smoking/,Protecting Our Children from the Dangers of Smoking
politifact304,http://www.cnn.com/2008/POLITICS/01/21/debate.transcript/index.html,Part 1 of CNN Democratic presidential debate
politifact2281,https://web.archive.org/web/20100827015529/http://news.yahoo.com:80/s/ap/20100825/ap_on_re_us/us_nyc_mosque,"9/11 families, others rally in favor of NYC mosque"
politifact1560,http://www.cdc.gov/nchs/data/dvs/nvsr52_14t12.pdf,Resource Not Available
politifact810,http://www.cnn.com/2008/POLITICS/10/15/debate.transcript/index.html,"McCain, Obama go head to head in last debate"
politifact263,http://my.barackobama.com/page/dashboard/public/gGxqkb,Take action
politifact5321,http://transcripts.cnn.com/TRANSCRIPTS/1202/04/se.04.html,Transcripts
politifact3527,http://abcnews.go.com/ThisWeek/week-transcript-gen-jim-jones-ret/story?id=13285705&page=3,'This Week' Transcript: Gen. Jim Jones (Ret.)
politifact651,,Renewing Americas Promise
politifact943,https://web.archive.org/web/20090224213953/http://www.mcclatchydc.com:80/251/story/62614.html,"Earmark reform? 2009 spending bill contains 9,000 of them"
politifact624,,Dean Ralph Reed Fundraiser Reveals McCain Double Talk on Ethics
politifact11552,http://www.politifact.com/new-jersey/statements/2013/may/02/leonard-lance/leonard-lance-claims-federal-tax-code-contains-4-m/,"Leonard Lance claims federal tax code contains 4 million words, is 7 times as long as Bible"
politifact574,https://web.archive.org/web/20081101133832/http://www.campaignmoney.org/mccainairbus,Public Campaign Action Fund
politifact2836,https://web.archive.org/web/20100716185746/http://www.tsa.gov:80/approach/tech/ait/faqs.shtm,TSA: Frequently Asked Questions
politifact8557,http://cq.com/doc/newsmakertranscripts-4375816,Rep Jan Schakowsky on MSNBC
politifact12556,https://web.archive.org/web/20160709050756/https://www.donaldjtrump.com/press-releases/donald-j.-trump-on-the-stakes-of-the-election,Donald J. Trump on the Stakes of the Election
politifact426,https://web.archive.org/web/20080506120114/http://pol.moveon.org:80/mccain10/email.html?,MoveOn.org Political Action: 10 things to know about McCain
politifact997,http://www.defenselink.mil/pubs/pdfs/Measuring_Stability_and_Security_in_Iraq_March_2009.pdf,United States Department of Defense
politifact84,https://web.archive.org/web/20070911181319/http://pol.moveon.org/petraeus.html,MoveOn.org Political Action: General Petraeus or General Betray Us?
politifact421,https://web.archive.org/web/20080506120114/http://pol.moveon.org:80/mccain10/email.html?,MoveOn.org Political Action: 10 things to know about McCain
politifact368,http://www.cnn.com/2008/POLITICS/02/21/debate.transcript/,The CNN Democratic presidential debate in Texas
politifact201,http://query.nytimes.com/gst/fullpage.html?res=940DEFDD133AF933A25755C0A962958260&sec=&spon=&partner=permalink&exprod=permalink,"New York Officials Welcome Immigrants, Legal or Illegal"
politifact7665,http://www.nytimes.com/2013/04/18/opinion/a-senate-in-the-gun-lobbys-grip.html?src=me&ref=general&_r=0,A Senate in the Gun Lobby’s Grip
politifact2594,http://www.youtube.com/watch?v=jOVEHGnwGhA,public information officer for Palm Beach County Property Appraisers Office
politifact10903,http://www.businessinsider.com/estonia-efficient-tax-filing-system-world-2012-2,Estonia Might Have The Most Efficient Tax Filing System In The World
politifact10413,http://www.whitehouse.gov/the-press-office/2015/01/07/remarks-president-resurgence-american-auto-industry,Remarks by the President on the Resurgence of the American Auto Industry
politifact1424,https://web.archive.org/web/20100125035945/http://republicanleader.house.gov:80/News/DocumentSingle.aspx?DocumentID=167478,"PWNED: House GOP Dominates Twitter, YouTube, Social Media in Congress"
politifact4858,http://www.mittvmitt.com/,当ブログでは福岡県内にある不動産会社についてさまざまな情報をまとめています。福岡市の分譲マンションやマンション経営で頼りになる企業をご紹介！
politifact114,http://www.govtrack.us/congress/billtext.xpd?bill=h107-3338,Text of H.R. 3338 (107th): Department of Defense and Emergency Supplemental Appropriations for Recovery from and Response to ... (Passed Congress version)
politifact2450,http://www.youtube.com/watch?v=_YXqf_6ug54,Mourning in America
politifact340,http://www.msnbc.msn.com/id/3080247/,"Outlook, Office, Skype, Bing, Breaking News, and Latest Videos"
politifact379,http://www.nytimes.com/2008/02/26/us/politics/26text-debate.html?pagewanted=13&_r=1&adxnnlx=1204132144-xyVy8pN0n1xCgMNXI73z6A,The Democratic Debate in Cleveland
politifact186,https://web.archive.org/web/20070706232742/http://vote-smart.org/issue_rating_category.php?can_id=22003,Interest Group Ratings
politifact751,http://elections.nytimes.com/2008/president/debates/transcripts/first-presidential-debate.html,First Presidential Debate
politifact288,http://www.youtube.com/watch?v=VFknKVjuyNk,Town Hall Meeting in Derry NH
politifact99,http://www.msnbc.msn.com/id/3080247/,"Outlook, Office, Skype, Bing, Breaking News, and Latest Videos"
politifact1899,http://www.youtube.com/user/JohnMcCaindotcom#p/u/2/FKm2JCniKpY,John McCain
politifact700,https://web.archive.org/web/20080906104758/http://www.johnmccain.com:80/informing/news/Speeches/ef046a10-706a-4dd5-bd01-b93b36b054bc.htm,McCain-Palin 2008
politifact12120,http://politicaladarchive.org/ad/PolAd_BernieSanders_7h37u/,Political TV Ad Archive » PolAd
politifact1140,https://web.archive.org/web/20090816181927/http://www.pbs.org:80/newshour/bb/politics/july-dec09/shieldsbrooks_08-14.html,Public Views on Health Care Overhaul Top Week's News
politifact13052,http://www.politifact.com/ohio/statements/2016/mar/14/rob-portman/most-heroin-us-comes-over-mexican-border/,"Most heroin in U.S. now comes across Mexican border, Rob Portman says"
politifact648,,Democratic National Convention Committee
politifact4879,http://www.unionleader.com/article/20111129/OPINION02/711299993,"Rick Santorum: By amending constitution, we can balance the budget for good"
politifact3428,http://www.ssa.gov/history/nestor.html,Social Security Online History Pages
politifact2724,http://data.bls.gov/PDQ/servlet/SurveyOutputServlet,Notice: Data not available: U.S. Bureau of Labor Statistics
politifact13395,https://www.washingtonpost.com/news/fact-checker/wp/2016/05/18/clinton-campaigns-claim-that-trump-would-force-schools-to-allow-guns-in-classrooms/,Clinton campaign’s claim that Trump would ‘force schools to allow guns in classrooms’
politifact6939,http://www.politifact.com/truth-o-meter/statements/2012/oct/16/barack-obama/obama-mitt-romney-refused-say-whether-he-supports-/,Obama: Mitt Romney refused to say whether he supports Lilly Ledbetter Act
politifact12486,http://www.cq.com/doc/newsmakertranscripts-4901417?5,foreign policy speech
politifact1028,http://documents.nytimes.com/justice-department-memos-on-interrogation-techniques#p=85,Justice Department Memos on Interrogation Techniques
politifact13244,https://medium.com/@PolitiFact/politifacts-annotated-transcript-of-the-second-presidential-debate-b54f45edeb99#.6sodpyhkw,PolitiFact’s annotated transcript of the second presidential debate
politifact14174,https://twitter.com/DWStweets/status/870250319644676097,Debbie Wasserman Schultz on Twitter
politifact13855,https://web.archive.org/web/20170313220530/https://www.whitehouse.gov/the-press-office/2017/03/13/remarks-president-trump-listening-session-healthcare,Remarks by President Trump in a Listening Session on Healthcare
politifact6537,http://www.youtube.com/watch?v=8BTl2pSmpYk&feature=player_embedded,Romney campaign ad
politifact11882,https://medium.com/@CarlyFiorina/what-carly-is-doing-tonight-d53e747382ec#.6qz44w5un,What Carly is doing tonight – Carly Fiorina – Medium
politifact6519,https://www.youtube.com/watch?v=ncjPBUW314c,Children - Obama for America TV Ad
politifact74,https://web.archive.org/web/20070915144031/http://www.kff.org:80/insurance/7672/,2007 Kaiser/HRET Employer Health Benefits Survey
politifact3468,http://www.msnbc.msn.com/id/21134540/#42160354,"Outlook, Office, Skype, Bing, Breaking News, and Latest Videos"
politifact13305,http://www.politifact.com/ohio/statements/2016/mar/14/rob-portman/most-heroin-us-comes-over-mexican-border/,"Most heroin in U.S. now comes across Mexican border, Rob Portman says"
politifact3919,http://www.nytimes.com/2011/06/10/opinion/10krugman.html?partner=rssnyt&emc=rss,Rule by Rentiers
politifact4591,,2011 Urban Institute and the Blue Cross Blue Shield of Massachusetts Foundation
politifact13229,https://www.washingtonpost.com/news/post-politics/wp/2016/01/02/donald-trump-featured-in-new-jihadist-recruitment-video/,Donald Trump featured in new jihadist recruitment video
politifact2131,http://www.msnbc.msn.com/id/38384219/ns/meet_the_press-transcripts,"Outlook, Office, Skype, Bing, Breaking News, and Latest Videos"
politifact8005,http://www.cq.com/doc/newsmakertranscripts-4310502,interview on Fox News
politifact11314,http://www.politifact.com/truth-o-meter/statements/2014/jan/24/patrick-kennedy/has-potency-pot-changed-president-obama-was-high-s/,Has the potency of pot changed since President Obama was in high school?
politifact323,https://web.archive.org/web/20080131000131/http://www.barackobama.com/2008/01/30/remarks_of_senator_barack_obam_45.php,Change We Can Believe In
politifact938,http://www.nytimes.com/2009/02/03/health/policy/03peanut.html,Peanut Product Recall Took Company Approval
politifact674,http://www.legis.state.ak.us/basis/get_bill.asp?session=25&bill=SB4002,Action for 25th Legislature
politifact649,,Democratic National Convention Committee
politifact35,https://web.archive.org/web/20070825014950/http://www.mcclatchydc.com:80/iraq/story/18861.html,Iraq pullout could create chaos
politifact3584,https://web.archive.org/web/20110416110045/http://projects.washingtonpost.com:80/obama-speeches/speech/622,In Obama's Words
politifact939,http://www.nytimes.com/2009/02/17/education/17educ.html?hp,"For Education Secretary, Stimulus Means Dollars and Risk"
politifact1924,http://www.radaronline.com/exclusives/2010/06/video-jersey-shore-cast-weathers-storm-sophomore-season-preview,VIDEO: Special Preview Of Jersey Shore In Miami!
politifact1185,http://www.youtube.com/watch?v=Cqww8jmizug&eurl=http%3A%2F%2Fstoptheabortionagenda.com%2F&feature=player_embedded,Obama Promises Abortion in Public Plan
politifact1053,https://web.archive.org/web/20050507232712/http://www.ssa.gov:80/OACT/babynames/namesbystate.html,Popular baby names
politifact208,https://web.archive.org/web/20070829110221/http://hitwise.com/political-data-center/key-candidates.php,Top Presidential Candidate 2008 Websites
politifact12587,http://www.cq.com/doc/newsmakertranscripts-4917877?3,speech in Cincinnati
politifact8987,https://twitter.com/louiseslaughter/status/439092883166359552,Louise Slaughter on Twitter
politifact8805,http://www.guttmacher.org/statecenter/updates/2013/statetrends42013.html,Laws Affecting Reproductive Health and Rights: 2013 State Policy Review
politifact9151,http://www.foxnews.com/on-air/fox-news-sunday-chris-wallace/2014/04/06/sen-kaine-rep-mccaul-security-stateside-military-bases-gen-hayden-reacts-morells-benghazi,Fox News Sunday
politifact10348,http://www.eia.gov/cfapps/ipdbproject/IEDIndex3.cfm?tid=50&pid=53&aid=1,International Energy Statistics
politifact13352,http://www.nytimes.com/2016/07/21/us/politics/donald-trump-issues.html?_r=1,Donald Trump Sets Conditions for Defending NATO Allies Against Attack
politifact7,,The State of Working America 20067 pdf
politifact408,http://www.mtv.com/news/articles/1583539/20080317/id_0.jhtml,"Bill Clinton Says He 'Never Said A Bad Word About Senator Obama,' At mtvU's First 'Editorial Board'"
politifact1014,http://www.politico.com/news/stories/0509/22413.html,Trump on Prejean: Same as Obama
politifact13548,http://time.com/4523755/donald-trump-leaked-tape-impact/,"Donald Trump, Billy Bush: Interview Scrambles Race"
politifact14114,http://www.economist.com/Trumptranscript,Transcript: Interview with Donald Trump
politifact10371,http://us3.campaign-archive1.com/?u=468d5dc43334640650b81443f&id=711f7c7ca0&e=6d7cef570b,Rep. Michael McCaul (R-TX) Appears on Face the Nation
politifact1063,http://energycommerce.house.gov/index.php?option=com_content&view=article&id=1680:cbo-waxman-markey-costs-about-a-postage-stamp-a-day-saves-low-income-families-money&catid=122:media-advisories&Itemid=55,Energy and Commerce Committee
politifact303,,Meet Barack Obama
politifact2208,https://web.archive.org/web/20090503050002/http://www.google.com/url?sa=t,Redirect Notice
politifact13900,https://twitter.com/RepMaloney/status/842422482518867969,"Carolyn B. Maloney on Twitter: ""Women's health & wellbeing don’t seem to count in the math of the GOP's merciless #PayMoreForLess healthcare bill. We must not defund @PPFA!… https:"
politifact3984,"http://foreign.senate.gov/imo/media/doc/Haass,%20Richard%20N.pdf",Fiscal Year 2011 Email interview with Todd Harrison of the Center for Strategic and Budgetary Assessments
politifact7258,https://web.archive.org/web/20121222121141/http://www.pbs.org/newshour/bb/politics/july-dec12/shieldsgerson_12-21.html,"Shields and Gerson on Cabinet Noms, Gun Laws, Boehner's Leadership | PBS NewsHour | Dec. 21, 2012"
politifact160,http://www.senate.gov/legislative/LIS/roll_call_lists/roll_call_vote_cfm.cfm?congress=103&session=1&vote=00011,U.S. Senate: U.S. Senate Roll Call Votes 103rd Congress
politifact669,https://web.archive.org/web/20080817004723/http://www.cqpolitics.com:80/cq-assets/cqmultimedia/flash/votestudy/index.html,CQ Vote Studies
politifact7540,http://www.youtube.com/watch?v=VkRw4EOwY2g&list=PLmqnjF1D2hhaZ0r5hw-0beF9R7oaB9lOt&index=51,CPAC 2013 - Former Governor Sarah Palin (R-AK)
politifact11399,https://www.youtube.com/watch?v=DZeKdfxI_RA,"""One Hundred Percent"" by Club for Growth Action"
politifact1106,http://frwebgate.access.gpo.gov/cgi-bin/getdoc.cgi?dbname=111_cong_bills&docid=f:h3200ih.txt.pdf,Browse Congressional Bills
politifact13682,https://www.whitehouse.gov/the-press-office/2017/01/27/executive-order-protecting-nation-foreign-terrorist-entry-united-states,Executive Order Protecting the Nation from Foreign Terrorist Entry into the United States
politifact7489,https://twitter.com/DWStweets/status/309001535386435584,Debbie Wasserman Schultz on Twitter
politifact10276,http://www.c-span.org/video/?322914-1/senator-charles-schumer-dny-november-midterm-elections,"Senator Charles Schumer NY November Midterm Elections, Nov 25 2014"
politifact261,http://www.kff.org/medicaid/upload/7642.pdf,CHIP Enrollment: June 2011 Data Snapshot
politifact8069,http://www.whitehouse.gov/the-press-office/2013/07/24/remarks-president-economy-knox-college-galesburg-il,"Remarks by the President on the Economy -- Knox College, Galesburg, IL"
politifact509,http://www.youtube.com/watch?v=8k3Or06g9YA,Memorial Day
politifact3455,http://abcnews.go.com/ThisWeek/week-transcript-target-libya/story?id=13178623&page=3,'This Week' Transcript: Target Libya
politifact986,http://www.nytimes.com/2008/09/21/business/21cong.html?pagewanted=1&ref=business,Administration Is Seeking $700 Billion for Wall Street
politifact429,http://www.citizenlink.org/focusaction/updates/A000006979.cfm,Family Policy Alliance
politifact214,https://web.archive.org/web/20071206011805/http://www.hillaryclinton.com/news/release/view/?id=4479,HillaryClinton.com
politifact4372,http://www.pbs.org/wnet/need-to-know/economy/this-labor-day-we-need-protests/11228/,"This Labor Day, we need protests"
politifact12070,https://medium.com/hillary-for-america/breaking-down-barriers-for-african-americans-d444f1c568b6#.8wtydemwc,Breaking down barriers for African Americans – Hillary for America – Medium
politifact8995,http://www.documentcloud.org/documents/1033869-waronpoverty50.html#document/p2,WarOnPoverty50
politifact1678,http://abcnews.go.com/ThisWeek/video/supreme-court-vacancy-10344589,Supreme Court Vacancy Video
politifact2258,https://web.archive.org/web/20100821215324/http://republicans.foreignaffairs.house.gov:80/press_display.asp?id=1583,U.S. House Committee on Foreign Affairs
politifact539,http://www.msnbc.msn.com/id/7003226/,"Outlook, Office, Skype, Bing, Breaking News, and Latest Videos"
politifact5659,http://www.whitehouse.gov/the-press-office/2012/03/29/remarks-president-oil-and-gas-subsidies,Remarks by the President on Oil and Gas Subsidies
politifact503,http://thehill.com/leading-the-news/have-you-been-to-iraq--76-sens.-say-they-have-2007-08-01.html,Have You Been to Iraq — 76 Sens Say They Have by Patrick Fitzgerald
politifact1026,https://web.archive.org/web/20090514023215/http://republicanleader.house.gov/News/DocumentSingle.aspx?DocumentID=125333,House GOP Introduces Keep Terrorists Out of America Act
politifact10877,http://www.cbsnews.com/news/isis-ramadi-iraq-air-campaign-us-ground-troops/,Should ISIS' gains lead to more U.S. troops in Iraq?
politifact200,http://www.cdc.gov/nchs/data/hestat/prelimbirths05_tables.pdf#1,Resource Not Available
politifact724,"https://web.archive.org/web/20050615041207/http://www.irs.gov:80/taxstats/indtaxstats/article/0,,id=134951,00.html",Individual Income Tax Returns Publication 1304 (Complete Report)
politifact8259,http://transcripts.cnn.com/TRANSCRIPTS/1309/10/cfr.01.html,Transcripts
politifact7390,https://web.archive.org/web/20130209000637/http://www.whitehouse.gov/state-of-the-union-2013,State of the Union 2013
politifact7669,http://www.whitehouse.gov/the-press-office/2013/04/17/statement-president,Statement by the President
politifact2048,http://www.cq.com/display.do?dockey=/cqonline/prod/data/docs/html/transcripts/newsmaker/111/newsmakertranscripts111-000003697234.html@committees&metapub=CQ-TRANSCRIPTS&searchIndex=0&seqNum=9,Ron Paul Praises Embattled RNC Chief Michael Steele For Leadership On Afghanistan
politifact695,http://www.msnbc.msn.com/id/26535811/,"Outlook, Office, Skype, Bing, Breaking News, and Latest Videos"
politifact691,https://web.archive.org/web/20080911193042/http://www.adn.com:80/sarah-palin/background/story/203814.html,Palin tries new tactic to unload hated jet: Gov. Sarah Palin background
politifact1779,https://web.archive.org/web/20100513074658/http://video.foxnews.com:80/v/4186199/barasso-ready-to-question-kagan,Barasso Ready to Question Kagan
politifact1277,,Transcript Briefing by Press Secretary Robert Gibbs
politifact8611,http://america.aljazeera.com/articles/2013/10/2/israel-netanyahurouhaniiranpresident.html,Israel should welcome Rouhani's election victory
politifact195,,Uniform Crime Reports
politifact13138,http://politicaladarchive.org/ad/polad_donaldtrump_k1mkc/,Political TV Ad Archive » PolAd
politifact5632,http://www.youtube.com/watch?v=BBVeT0aufng&context=C4d55937ADvjVQa1PpcFMxQysk6hF4-DEKJdMpvDjhcVSKWE1o24Y=,Keeping His Word: Lowering the Cost of Medicare Prescriptions
politifact13477,http://rare.us/story/rand-paul-will-donald-trump-betray-voters-by-hiring-john-bolton/,Rand Paul: Will Donald Trump betray voters by hiring John Bolton?
politifact772,"https://web.archive.org/web/20081006202026/http://abcnews.go.com:80/Politics/Decision2008/story?id=3498294,",ABC News: ABC News
politifact348,http://www.pollingreport.com/C2.htm#Hillary,Political Figures: C (2)
politifact8371,http://www.tampabay.com/opinion/columns/rep-ross-we-need-to-get-government-running-again/2145912,Rep. Ross: We need to get government running again
politifact1130,,President Barack Obama in Portsmouth Town Hall
politifact740,,“Put Palin’s WolfKilling Record on Television”
politifact128,"https://web.archive.org/web/20061206054712/http://www.irs.gov:80/formspubs/article/0,,id=164272,00.html",2007 Federal Tax Rate Schedules
politifact320,http://www.youtube.com/watch?v=mGur36uVWxA,Web Ad A Tale of Two Mitts
politifact627,http://thecaucus.blogs.nytimes.com/2008/08/15/mccain-in-colorado/,McCain in Colorado
politifact11711,http://www.nbcnews.com/news/world/vladimir-putins-approval-rating-hits-all-time-high-boosted-syria-n449071,"Vladimir Putin's Approval Rating Hits All-Time High, Boosted by Syria Airstrikes"
politifact1866,http://www.guardian.co.uk/world/2009/jul/12/california-issues-iou,"Penniless California issues IOUs to firms, clinics, taxpayers and students"
politifact1442,https://web.archive.org/web/20100105223912/http://republicanleader.house.gov/blog/?m=201001,"As Americans Save Money, their Government Spends with Reckless Abandon"
politifact9802,http://time.com/3111474/rand-paul-ferguson-police/,Rand Paul: We Must Demilitarize the Police
politifact5690,http://www.whitehouse.gov/the-press-office/2012/04/03/remarks-president-associated-press-luncheon,Remarks by the President at the Associated Press Luncheon
politifact14920,https://www.ecfr.gov/cgi-bin/text-idx?gp=&SID=b5df8668c5d53fb99d5c5fd1e20c0ab0&mc=true&tpl=/ecfrbrowse/Title05/5tab_02.tpl,eCFR — Code of Federal Regulations
politifact3251,http://transcriptswire.cq.com/do/transcriptView?id=8293,CQ Transcriptswire > Login
politifact5237,http://www.politifact.com/virginia/statements/2011/mar/11/morgan-griffith/morgan-griffith-says-epa-treats-milk-spills-same-w/,Morgan Griffith says EPA treats milk spills same way as oil spills
politifact769,https://web.archive.org/web/20080817004723/http://www.cqpolitics.com:80/cq-assets/cqmultimedia/flash/votestudy/index.html,CQ Vote Studies
politifact315,http://www.bea.gov/scb/pdf/2008/01%20January/0108_gdpecon.pdf,GDP and the Economy Final Estimates for the Third Quarter of 2007
politifact6842,http://www.cnn.com/2012/10/03/politics/debate-transcript/index.html,Transcript of Wednesday's presidential debate
politifact3935,http://www.gpo.gov/fdsys/pkg/CREC-2006-03-16/pdf/CREC-2006-03-16-pt1-PgS2236.pdf,Obama Exclusive Concedes Senate Voteainst Raising Debt Limit Was Political
politifact736,http://www.state.gov/r/pa/ei/bgn/5375.htm#econ,The page you're looking for may have been moved or renamed
politifact12773,https://www.washingtonpost.com/news/post-politics/wp/2016/06/13/hillary-clintons-speech-following-the-orlando-shooting/,‘Americans need to stand together’: Hillary Clinton’s remarks following the Orlando shooting
politifact608,http://www.youtube.com/watch?v=XzZNP4tTfV0,Sen. Barack Obama's answer to meeting energy demands
politifact7668,http://www.whitehouse.gov/the-press-office/2013/04/17/statement-president,Statement by the President
politifact1892,http://abcnews.go.com/ThisWeek/week-transcript-hoyer-boehner-bill-gates/story?id=10900231,"'This Week' Transcript: Hoyer, Boehner and Bill Gates"
politifact2013,https://web.archive.org/web/20090628092209/http://www.azdps.gov:80/About/Reports/Crime_In_Arizona/,Arizona Department of Public Safety
politifact1467,"http://www.foxnews.com/story/0,2933,584664,00.html",Sen. Gregg: President Obama's Budget Proposal Is a 'Disaster'
politifact31,https://web.archive.org/web/20051210114606/http://www.allianceforschoolchoice.org:80/school_choice_history.aspx,School Choice FAQ
politifact287,http://www.opensecrets.org/,"Data on Campaign Finance, Super PACs, Industries, and Lobbying"
politifact230,http://www.govtrack.us/congress/bill.xpd?bill=h109-5441,"Department of Homeland Security Appropriations Act, 2007 (2006; 109th Congress H.R. 5441)"
politifact227,,Poor and the nearpoor 1959 to 2006
politifact12748,http://www.politifact.com/georgia/statements/2011/may/24/herman-cain/cain-said-food-stamp-program-use-under-obama/,Cain said food stamp program use up under Obama
politifact207,http://www.cbo.gov/ftpdocs/45xx/doc4517/09-03-TankerTestimony.pdf,Testimony on CBO’s Assessment of the Air Force’s Plan to Acquire 100 Boeing Tanker Aircraft
politifact677,http://www.foxnews.com/fns/,Fox News Sunday
politifact3115,http://www.msnbc.msn.com/id/40871803/ns/meet_the_press-transcripts,"Outlook, Office, Skype, Bing, Breaking News, and Latest Videos"
politifact87,http://www.ilga.gov/legislation/BillStatus.asp?GA=93&DocTypeID=SB&DocNum=130&GAID=3&SessionID=3&LegID=784,Illinois General Assembly
politifact13226,https://www.census.gov/content/dam/Census/library/publications/2016/demo/p60-257.pdf,Health Insurance Coverage in the United States 2015
politifact10423,http://data.bls.gov/cgi-bin/surveymost?ln,Top Picks (Most Requested Statistics) : U.S. Bureau of Labor Statistics
politifact976,,The Republican Road to Recovery
politifact671,https://web.archive.org/web/20080828144739/http://www.demconvention.com/joe-biden/,Democratic National Convention
politifact968,http://www.politico.com/news/stories/0309/20344.html,60 Minutes Transcript
politifact6645,http://data.bls.gov/timeseries/CES4244100001?data_tool=XGtable,Bureau of Labor Statistics Data
politifact4291,http://www.nytimes.com/2011/08/15/opinion/the-texas-unmiracle.html,The Texas Unmiracle
politifact2714,http://www.youtube.com/user/dscclive#p/f/7/1kfaEJYg8uA,Indictment US v Vince McMahon and Titan Sports New Haven Register
politifact596,http://youtube.com/watch?v=u0ffLMVc7mU,Barack Obama Challenges John McCain To Duel Over Taxes
politifact11208,http://www.washingtonpost.com/news/wonkblog/wp/2014/08/06/a-comprehensive-investigation-of-voter-impersonation-finds-31-credible-incidents-out-of-one-billion-ballots-cast/,A comprehensive investigation of voter impersonation finds 31 credible incidents out of one billion ballots cast
politifact3228,https://web.archive.org/web/20050322064340/http://www6.lexisnexis.com:80/publisher/EndUser?Action=UserDisplayFullDocument,LexisNexis(R) Publisher
politifact1375,http://blogs.desmoinesregister.com/dmr/index.php/2009/12/18/grassley-camps-in-office-friday-night-to-make-720-a-m-vote/,The Des Moines Register
politifact4926,http://www.nytimes.com/2011/12/09/opinion/brooks-the-gingrich-tragedy.html?hp,The Gingrich Tragedy
politifact498,http://www.youtube.com/watch?v=ljVB-tim2Rw,Obama Criticizes McCain on Lobbyists
politifact6089,http://graphics.nra.org/ila/ILA_209_ObamaScorecardPDF.pdf,Cravaack Passes Amendment to Improve US Aviation Security in Opposition to Obamas Planned Disarming of Federal Flight Deck Officers
politifact8778,http://www.politifact.com/truth-o-meter/statements/2011/mar/15/barack-obama/barack-obama-says-us-oil-production-last-year-was-/,Barack Obama says U.S. oil production last year was highest since 2003
politifact1047,https://web.archive.org/web/20090612062614/http://www.ustreas.gov:80/press/releases/tg162.htm,TG-162: Treasury Announces $68 Billion in Expected CPP Repayments
politifact228,https://web.archive.org/web/20071020185442/http://www.taxpolicycenter.org/numbers/displayatab.cfm?DocID=1390,"Current-Law Distribution of Federal Taxes By Cash Income Percentiles, 2007"
politifact495,http://www.cnn.com/2007/POLITICS/07/23/debate.transcript/,Part I: CNN/YouTube Democratic presidential debate transcript
politifact1038,https://web.archive.org/web/20001109011000/http://www.nrdc.org:80/nuclear/nudb/datab15.asp,"Table of Known Nuclear Tests Worldwide, 1945-1996"
politifact1465,https://web.archive.org/web/20100201043706/http://www.whitehouse.gov:80/the-press-office/remarks-president-gop-house-issues-conference,Remarks by the President at GOP House Issues Conference
politifact396,https://web.archive.org/web/20060930180024/http://clinton.senate.gov/news/statements/details.cfm?id=233783,"Hillary Rodham Clinton, Senator for New York: Floor Speech of Senator Hillary Rodham Clinton on S.J. Res. 45, A Resolution to Authorize the Use of United States Armed Forces Against Iraq"
politifact279,http://youtube.com/watch?v=pesbcAei6p8,TPMtv Extra: South Carolina Ronald Reagan Debate
politifact9442,,a director of research for the foreign policy program at the Brookings Institution
politifact150,http://www.doe.mass.edu/mcas/naep/results/default.html,Massachusetts Department of Elementary and Secondary Education
politifact11777,https://medium.com/@PRyan/expanding-opportunity-kempforum16-11fe61f733d2#.y593ohi7t,Expanding Opportunity — #KempForum16 – Paul Ryan – Medium
politifact11021,http://www.ams.usda.gov/AMSv1.0/COOL,Country of Origin Labeling (COOL)
politifact3335,http://www.msnbc.msn.com/id/41781178/ns/meet_the_press-transcripts,"Outlook, Office, Skype, Bing, Breaking News, and Latest Videos"
politifact341,http://www.youtube.com/watch?v=Yj3QAzSWVA4,Mike Huckabee: Fried Squirrel Out of a Popcorn Popper
politifact6871,http://www.cnn.com/2012/10/03/politics/debate-transcript/index.html,Transcript of Wednesday's presidential debate
politifact11072,http://www.foxnews.com/transcript/2015/07/12/mcconnell-webb-jindal-express-uncertainty-over-iran-nuclear-deal/,"McConnell, Webb, Jindal express uncertainty over Iran nuclear deal"
politifact3734,http://www.whitehouse.gov/the-press-office/2011/05/10/remarks-president-comprehensive-immigration-reform-el-paso-texas,"Remarks by the President on Comprehensive Immigration Reform in El Paso, Texas"
politifact336,https://web.archive.org/web/20080206222702/http://www.mittromney.com/News/Press-Releases/Kerry_McCain,Kerry-McCain: Welcome To Massachusetts!
politifact785,https://web.archive.org/web/20070613045339/http://obama.senate.gov/press/070322-obama_urges_ber/,"Obama Urges Bernanke, Paulson to Fight Foreclosures, Hold Homeownership Summit"
politifact14511,http://www.msnbc.com/rachel-maddow/watch/schneiderman-suing-trump-over-daca-cites-discriminatory-animus-1040994371897,Schneiderman suing Trump over DACA cites 'discriminatory animus'
politifact276,"http://www.time.com/time/magazine/article/0,9171,1129494,00.html",Americas 5 Best Governors
politifact8221,http://data.unhcr.org/syrianrefugees/syria.php,Situation Syria Regional Refugee Response
politifact4411,http://cq.com/doc/newsmakertranscripts-3933400,Transcript of Republican Presidential debate at the Ronald Reagan Library in Simi Valley
politifact14167,http://www.foxnews.com/transcript/2017/05/28/sec-john-kelly-on-manchester-investigation-keeping-america-safe.html,"Sec. John Kelly on Manchester investigation, keeping America safe"
politifact528,https://web.archive.org/web/20080514182038/http://johnmccain.com/climatechange/,John McCain for President
politifact1312,,alert to members on abortion coverage in the House health care bill
politifact1770,http://www.huffingtonpost.com/michael-bloomberg/terror-suspects-are-buyin_b_564069.html,Terror Suspects Are Buying Guns - and the FBI Can't Stop Them
politifact720,http://my.barackobama.com/page/community/post/amandascott/gG5XWF,Organizing for Action
politifact3581,http://politifact.com/truth-o-meter/statements/2009/nov/11/sean-hannity/hannity-says-obama-wont-even-use-term-war-terroris/,"Hannity says Obama won't even use the term ""war on terrorism"""
politifact1333,,a professor of American Studies at Lynn University
politifact5447,http://www.youtube.com/watch?v=THrGMfM3Nqs,transcript accessed via Nexis Mitt Romney Sends Taped Message to 2011 NRA Convention
politifact1067,"http://www.foxnews.com/story/0,2933,529026,00.html",An Open Letter to 'All Barack Channel'
politifact6277,http://www.youtube.com/watch?v=Ud3mMj0AZZk,"Obama for America TV Ad: ""Firms"""
politifact1314,http://clerk.house.gov/evs/2009/roll884.xml,roll call on Stupak amendment
politifact12755,http://www.pewforum.org/2008/09/19/pastors-to-protest-irs-rules-on-political-advocacy/,Pastors To Protest IRS Rules on Political Advocacy
politifact9107,http://wfpl.org/post/mitch-mcconnell-alison-lundergan-grimes-have-sharp-differences-campaign-finance-rules,"Mitch McConnell, Alison Lundergan Grimes Have 'Sharp Differences' on Campaign Finance Rules"
politifact527,https://web.archive.org/web/20090113114854/http://thepage.time.com:80/obamas-full-remarks-at-chicago-credit-cards-event/,by Mark Halperin
politifact6646,http://www.politifact.com/truth-o-meter/statements/2012/aug/15/stephanie-cutter/ryans-plan-includes-700-billion-medicare-cuts-says/,"Ryan's plan includes $700 billion in Medicare ""cuts,"" says Stephanie Cutter"
politifact773,http://www.senate.gov/legislative/LIS/roll_call_lists/roll_call_vote_cfm.cfm?congress=110&session=1&vote=00126,U.S. Senate: U.S. Senate Roll Call Votes 110th Congress
politifact317,,Table B46 Employees on nonagricultural payrolls by major industry 19552006
politifact1575,http://twitter.com/JimDeMint/status/10288400197,Jim DeMint on Twitter
politifact4433,http://www.fedupthebook.com/,"Fed Up! Our Fight to Save America from Washington, by Rick Perry"
politifact1180,http://www.nytimes.com/2009/09/10/us/politics/10obama.text.html,Obama’s Health Care Speech to Congress
politifact914,,Press release Rep Barton Democrats stimulus will waste money abuse people and lead to unintended consequences
politifact206,https://web.archive.org/web/20071020151813/http://capitaleye.org:80/inside.asp?ID=311,Summing Summertime: Part 4
politifact12801,http://politifact.com/punditfact/statements/2016/jan/05/laura-ingraham/laura-ingraham-say-claim-90-support-gun-background/,Laura Ingraham wrongly says claim that 90% support for gun background checks has been debunked
politifact409,http://www.mtv.com/news/articles/1583539/20080317/id_0.jhtml,"Bill Clinton Says He 'Never Said A Bad Word About Senator Obama,' At mtvU's First 'Editorial Board'"
politifact15319,http://docquery.fec.gov/pdf/613/201804159108155613/201804159108155613.pdf#navpanes=0,Federal Election Commission filing
politifact2592,http://latimesblogs.latimes.com/washington/2010/10/christine-odonnell-chris-coons-debate.html,Transcript of debate between Chris Coons and Christine ODonnell
politifact1614,http://transcripts.cnn.com/TRANSCRIPTS/1003/21/sotu.01.html,Transcripts
politifact6932,http://www.politifact.com/ohio/statements/2012/aug/23/barack-obama/barack-obama-says-mitt-romney-condemned-coal-fired/,Barack Obama says Mitt Romney condemned coal-fired power plants as killers
politifact6998,https://web.archive.org/web/20121023081044/http://www.washingtonpost.com/blogs/ezra-klein/wp/2012/10/22/the-full-transcript-of-the-third-presidential-debate/,The full transcript of the third presidential debate
politifact229,,Poverty 2005 Highlights
politifact216,http://www.fsis.usda.gov/OPPDE/larc/Policies/Labeling_Policy_Book_082005.pdf,Food Standards and Labeling Policy Book
politifact2128,http://abcnews.go.com/ThisWeek/week-transcript-geithner/story?id=11245464,'This Week' Transcript: Geithner
politifact13469,http://www.cnn.com/TRANSCRIPTS/1611/13/sotu.01.html,Transcripts
politifact2393,http://www.youtube.com/watch?v=A7jJI1cfEgc&feature=player_embedded,"Nancy Pelosi, Wicked Witch of the West"
politifact4787,http://cq.com/doc/newsmakertranscripts-3980293,or Degrading Treatment of Punishment Text of International Covenant on Civil and Political Rights Text of Geneva Convention relative to the Treatment of Prisoners of War Text of Geneva Convention relative to the Protection of Civilian Persons in Time of War Text of Universal Declaration of Human Rights Jay Bybee assistant attorney general
politifact13283,http://www.politifact.com/truth-o-meter/statements/2011/aug/18/warren-buffett/warren-buffett-says-super-rich-pay-lower-taxes-oth/,Warren Buffett says the super-rich pay lower tax rates than others
politifact310,http://www.senate.gov/legislative/LIS/roll_call_lists/roll_call_vote_cfm.cfm?congress=108&session=1&vote=00196,U.S. Senate: U.S. Senate Roll Call Votes 108th Congress
politifact12017,https://youtu.be/uRqSUv_B7KI,Jeb Bush 2016 Same Resume Right to Rise USA PAC
politifact2758,https://web.archive.org/web/20101103082821/http://gopleader.gov/News/DocumentSingle.aspx?DocumentID=213442,"In Weekly Republican Address, Boehner Calls For “New Way Forward” Focused on Creating Jobs, Cutting Spending, & Reforming Congress"
politifact1013,http://www.senate.gov/legislative/LIS/roll_call_lists/roll_call_vote_cfm.cfm?congress=111&session=1&vote=00174,U.S. Senate: U.S. Senate Roll Call Votes 111th Congress
politifact2318,http://www.youtube.com/user/harryreid2010#p/u/14/PlrQ1MiLkk4,Harry Reid
politifact659,,Video Interview with Howard Dean
politifact377,http://www.nytimes.com/2008/02/26/us/politics/26text-debate.html?_r=1&adxnnl=1&oref=slogin&pagewanted=all&adxnnlx=1204139772-dnxW+xyD4n9RmqZLgdQ3Ig,The Democratic Debate in Cleveland
politifact351,"https://web.archive.org/web/20080126233643/http://www.chicagotribune.com:80/news/local/chi-070403obama-ballot,0,1843097.story?page=1",Obama knows his way around a ballot -- chicagotribune.com
politifact1419,http://frwebgate.access.gpo.gov/cgi-bin/getpage.cgi?position=all&page=H270&dbname=2010_record,speech on the floor of the US House of Representatives
politifact9438,https://web.archive.org/web/20130314224614/http://www.washingtonpost.com/blogs/wonkblog/wp/2013/03/08/everything-you-need-to-know-about-the-drone-debate-in-one-faq/,"Everything you need to know about the drone debate, in one FAQ"
politifact15645,https://www.youtube.com/watch?v=jC8F3gd5_XY,WATCH LIVE: Tim Kaine and Corey Stewart meet for first U.S. Senate debate in Virginia
politifact319,http://www.youtube.com/watch?v=mGur36uVWxA,Web Ad A Tale of Two Mitts
politifact3221,http://politics.blogs.foxnews.com/2011/02/11/romney-cpac-excerpts-its-all-about-jobs,Romney CPAC Speech: It's All About the Jobs
politifact1337,http://www.cbo.gov/ftpdocs/107xx/doc10731/Reid_letter_11_18_09.pdf,Patient Protection and Affordable Care Act
politifact834,https://web.archive.org/web/20081202093502/http://afp.google.com:80/article/ALeqM5i2cTbnZTDVHPcifBpEzmkfqOOtlg,AFP: McCain renews attacks on Obama links to radical
politifact1612,,Patient Protection and Affordable Care Act
politifact6173,https://twitter.com/SarahPalinUSA/status/218353507491786752,Sarah Palin on Twitter
politifact440,http://query.nytimes.com/gst/fullpage.html?res=9F02E1DE1438F932A2575AC0A9679C8B63&sec=&spon=&pagewanted=1,"No Regrets for a Love Of Explosives; In a Memoir of Sorts, a War Protester Talks of Life With the Weathermen"
politifact1701,http://abcnews.go.com/ThisWeek/bill-clinton-rush-limbaugh-mistakes-supreme-court-middle/story?id=10406757,"Bill Clinton on Rush Limbaugh, His Mistakes, the Supreme Court and Middle East Peace"
politifact5439,http://www.youtube.com/watch?feature=player_embedded&v=07FSu0mHYSg,Rick Santorum sworn in as Pennsylvania’s newest senator
politifact6473,http://cbo.gov/publication/43471,"Letter to the Honorable John Boehner providing an estimate for H.R. 6079, the Repeal of Obamacare Act"
politifact1019,,Financial Rescue Nears GDP as Pledges Top 128 Trillion by Mark Pittman and Bob Ivry
politifact10787,http://www.npr.org/blogs/itsallpolitics/2015/04/13/399415802/transcript-nprs-full-interview-with-sen-marco-rubio,Transcript: NPR's Full Interview With Sen. Marco Rubio
politifact5011,http://www.youtube.com/watch?v=ZVXbiY33TdM&feature=player_embedded,Gore looking to turn idle fans into activists 3year ad campaign will feature enemies united on climate
politifact8629,http://www.aft.org/pdfs/americaneducator/spring2003/TheEarlyCatastrophe.pdf,The early catastrophe
politifact10533,http://www.press.org/news-multimedia/videos/npc-luncheon-eric-holder,NPC Luncheon with Eric Holder
politifact6556,http://www.cbsnews.com/8301-3460_162-57500549/face-the-nation-transcripts-august-26-2012-rubio-priebus-barbour-blackburn/?pageNum=7&tag=contentMain;contentBody,"""Face the Nation"" transcripts, August 26, 2012: Rubio, Priebus, Barbour, Blackburn"
politifact3304,http://legis.wisconsin.gov/2011/data/JR1SB-11.pdf,2011-2012 Wisconsin Legislature Documents
politifact6146,https://web.archive.org/web/20120619023435/http://www.foxnews.com/on-air/fox-news-sunday/2012/06/17/david-plouffe-sen-joe-lieberman-and-gen-michael-hayden-talk-national-security-leaks?page=3,"David Plouffe, Sen. Joe Lieberman and Gen. Michael Hayden talk national security leaks"
politifact370,http://tonto.eia.doe.gov/dnav/pet/pet_move_wkly_dc_NUS-Z00_mbblpd_w.htm,U.S. Imports & Exports
politifact6234,http://transcripts.cnn.com/TRANSCRIPTS/1207/08/sotu.01.html,Transcripts
politifact546,https://web.archive.org/web/20080619025707/http://www.tampabay.com:80/news/politics/elections/article628630.ece,"In reversal, McCain says lift ban on offshore drilling"
politifact7376,http://www.bls.gov/ces/,"Employment, Hours, and Earnings from the Current Employment Statistics survey (National) Home Page"
politifact2205,http://abcnews.go.com/ThisWeek/week-transcript-odierno-chiarelli/story?id=11351927&page=4,'This Week' Transcript: Odierno and Chiarelli
politifact934,http://www.nytimes.com/2009/02/09/us/politics/09text-obama.html?_r=1,Obama’s Prime-Time Press Briefing
politifact910,https://web.archive.org/web/20090120134739/http://www.pbs.org:80/newshour/bb/social_issues/jan-june09/slaverydc_01-16.html,"Author Offers Insights on Slavery, the Capitol, and Obama's Inauguration"
politifact961,,American International Group Inc Form 10K
politifact1446,https://web.archive.org/web/20090910073834/http://www.whitehouse.gov/the_press_office/Remarks-by-the-President-at-AFL-CIO-Labor-Day-Picnic/,Remarks by the President at AFL CIO Labor Day Picnic
politifact15175,https://evanjenkins.house.gov/media-center/press-releases/rep-jenkins-opioid-crisis-funding-should-be-based-need,REP. JENKINS: OPIOID CRISIS FUNDING SHOULD BE BASED ON NEED
politifact1202,https://web.archive.org/web/20090919163055/http://www.whitehouse.gov/the_press_office/Remarks-by-the-First-Lady-on-What-Health-Insurance-Reform-Means-for-Women-and-Families/,Remarks by the First Lady on What Health Insurance Reform Means for Women and Families
politifact2815,http://www.cbsnews.com/htdocs/pdf/FTN_111410.pdf?tag=cbsnewsTwoColUpperPromoArea,and Surpluses or Deficits as Percentages of GDP 1930–2015
politifact825,https://web.archive.org/web/20081030004908/http://www.plannedparenthoodaction.org/campaigns/386.htm,Planned Parenthood® Action Center
politifact435,http://transcripts.cnn.com/TRANSCRIPTS/0804/13/se.01.html,Transcripts
politifact120,,CBOs Estimate of the Effects on Direct Spending and Revenues of the House Amendments to the Senate Amendments to HR 976 the Childrens Health Insurance Program Reauthorization Act of 2007
politifact582,https://web.archive.org/web/20070808173432/http://www.barackobama.com/2007/08/01/remarks_of_senator_obama_the_w_1.php,Remarks of Senator Obama: The War We Need to Win
politifact4177,http://thomas.loc.gov/cgi-bin/query/D?c108:5:./temp/%7Ec108Feg4Je::,Library of Congress
politifact2139,http://abcnews.go.com/ThisWeek/week-transcript-geithner/story?id=11245464&page=2,'This Week' Transcript: Geithner
politifact6267,http://www.youtube.com/watch?v=Ud3mMj0AZZk,"Obama for America TV Ad: ""Firms"""
politifact1690,http://www.colbertnation.com/the-colbert-report-videos/270710/april-12-2010/justice-stevens-replacement---jeffrey-toobin,The Colbert Report
politifact4306,http://www.nytimes.com/2011/08/15/opinion/stop-coddling-the-super-rich.html,Stop Coddling the Super-Rich
politifact11416,http://www.politifact.com/truth-o-meter/statements/2015/jul/10/generation-forward-pac/did-bernie-sanders-vote-against-background-checks-/,Did Bernie Sanders vote against background checks and waiting periods for gun purchases?
politifact13443,http://www.taxpolicycenter.org/publications/families-facing-tax-increases-under-trumps-tax-plan-0,Families Facing Tax Increases Under Trump's Tax Plan
politifact906,,Report on Geithners tax issues
politifact1350,http://frwebgate.access.gpo.gov/cgi-bin/getpage.cgi?position=all&page=S12022&dbname=2009_record,Senate begins health care debate amid calls for tort reforms
politifact12721,https://web.archive.org/web/20150816005009/http://www.hillaryclinton.com:80/briefing/factsheets/2015/07/13/email-facts/,Updated: The Facts About Hillary Clinton’s Emails
politifact3180,http://abcnews.go.com/Politics/rand-paul-republicans-arent-brave-tackle-deficit/story?id=12837636&page=1,Rand Paul: Republicans 'Aren't Maybe Brave Enough' to Tackle Deficit
politifact6360,http://www.rawstory.com/rs/2012/07/17/sen-sanders-warns-of-frightening-trend-towards-oligarchy/,Sen. Sanders warns of ‘frightening trend’ towards oligarchy
politifact3198,http://www.politicsdaily.com/2011/02/06/transcript-of-president-obamas-pre-super-bowl-interview-with-bi/,The latest political news and headlines from D.C. and beyond
politifact390,http://www.nytimes.com/2008/02/26/us/politics/26text-debate.html?adxnnl=1&pagewanted=all&adxnnlx=1204916977-bdzXkyWWIcHRNsc3DSwMkA,The Democratic Debate in Cleveland
politifact4588,http://www.politifact.com/texas/statements/2011/sep/06/rick-perry/rick-perry-says-he-switched-gop-younger-age-reagan/,Rick Perry says he switched to GOP at a younger age than Reagan did
politifact134,https://web.archive.org/web/20070625210514/http://clinton.senate.gov/news/statements/details.cfm?id=277627,"Hillary Rodham Clinton, Senator for New York: Schumer, Clinton Announce Key Senate Panel Approves Over $1.3 Million for Labor, Health and Human Services Projects in the Hudson Valley"
politifact11627,https://berniesanders.com/democratic-socialism-in-the-united-states/,Senator Bernie Sanders on Democratic Socialism in the United States
politifact12052,https://www.washingtonpost.com/news/the-fix/wp/2016/03/10/the-cnn-miami-republican-debate-transcript-annotated/,"The CNN Miami Republican debate transcript, annotated"
politifact8838,http://www.politifact.com/truth-o-meter/statements/2011/mar/15/barack-obama/barack-obama-says-us-oil-production-last-year-was-/,Barack Obama says U.S. oil production last year was highest since 2003
politifact690,https://web.archive.org/web/20081204120104/http://www.haysresearch.com/oc072508.htm,Survey Results from Hays Research Group
politifact4190,http://www.cbo.gov/ftpdocs/99xx/doc9957/01-07-Outlook.pdf,The Budget and Economic Outlook: Fiscal Years 2009 to 2019
politifact4555,http://www.cq.com/doc/newsmakertranscripts-3955637,testimony submitted to the Congressional Oversight Panel’s hearing on the TARPs impact on financial stability
politifact8071,http://www.whitehouse.gov/the-press-office/2013/07/24/remarks-president-economy-knox-college-galesburg-il,"Remarks by the President on the Economy -- Knox College, Galesburg, IL"
politifact8152,http://www.thedailyshow.com/full-episodes/mon-august-12-2013-rand-paul,The Daily Show with Trevor Noah
politifact438,,Historical aggregate income by fifths and top 5 percent
politifact1204,http://select.nytimes.com/gst/abstract.html?res=FB0E1FF93C58167A93C6AB178CD85F418385F9,"IMPEACHMENT HINT STIRS HOUSE CLASH; Democratic Orators Spring to Roosevelt Defense, Charging 'Malice.'"
politifact6931,http://www.politifact.com/truth-o-meter/promises/obameter/promise/525/introduce-comprehensive-immigration-bill-first-yea/,The Obameter: Introduce a comprehensive immigration bill in the first year
politifact13619,http://www.cnn.com/2017/01/05/politics/border-wall-house-republicans-donald-trump-taxpayers/,"Trump asking Congress, not Mexico, to pay for border wall"
politifact14731,https://www.flake.senate.gov/public/index.cfm/press-releases?ID=FE6E0D3D-D9AE-4AF2-963B-275C6308D31A,Flake: “Religious tests should have no place in the Senate”
politifact329,https://web.archive.org/web/20080131000131/http://www.barackobama.com/2008/01/30/remarks_of_senator_barack_obam_45.php,Change We Can Believe In
politifact1576,http://www.youtube.com/watch?v=4O8CxZ1OD58,deputy director of national health statistics in the Office of the Actuary at the Center for Medicare and Medicaid Services
politifact4720,http://www.youtube.com/watch?v=EhyMplwY6HY,Romneys ProLife Conversion Myth or Reality June 14
politifact52,https://web.archive.org/web/20071102131244/http://vote-smart.org:80/issue_rating_category.php?can_id=9490,Interest Group Ratings
